-- phpMyAdmin SQL Dump
-- version 4.7.4
-- https://www.phpmyadmin.net/
--
-- Host: 127.0.0.1
-- Generation Time: May 30, 2018 at 06:04 PM
-- Server version: 10.1.29-MariaDB
-- PHP Version: 7.2.0

SET SQL_MODE = "NO_AUTO_VALUE_ON_ZERO";
SET AUTOCOMMIT = 0;
START TRANSACTION;
SET time_zone = "+00:00";


/*!40101 SET @OLD_CHARACTER_SET_CLIENT=@@CHARACTER_SET_CLIENT */;
/*!40101 SET @OLD_CHARACTER_SET_RESULTS=@@CHARACTER_SET_RESULTS */;
/*!40101 SET @OLD_COLLATION_CONNECTION=@@COLLATION_CONNECTION */;
/*!40101 SET NAMES utf8mb4 */;

--
-- Database: `sms_result20`
--

-- --------------------------------------------------------

--
-- Table structure for table `batches`
--

CREATE TABLE `batches` (
  `id` int(10) UNSIGNED NOT NULL,
  `batch_number` varchar(30) COLLATE utf8mb4_unicode_ci NOT NULL,
  `session` varchar(20) COLLATE utf8mb4_unicode_ci NOT NULL,
  `created_at` timestamp NULL DEFAULT NULL,
  `updated_at` timestamp NULL DEFAULT NULL
) ENGINE=InnoDB DEFAULT CHARSET=utf8mb4 COLLATE=utf8mb4_unicode_ci;

--
-- Dumping data for table `batches`
--

INSERT INTO `batches` (`id`, `batch_number`, `session`, `created_at`, `updated_at`) VALUES
(1, '18', '2013-2014', '2018-02-06 02:33:59', '2018-02-06 02:33:59'),
(2, '19', '2014-2015', '2018-02-06 02:34:10', '2018-02-06 02:34:10'),
(3, '20', '2014-2015', '2018-02-06 02:34:19', '2018-02-06 02:34:19'),
(4, '21', '2015-2016', '2018-02-06 02:34:29', '2018-02-06 02:34:29'),
(5, '22', '2015-2016', '2018-02-06 02:34:36', '2018-02-06 02:34:36'),
(6, '23', '2016-2017', '2018-02-06 02:34:43', '2018-02-06 02:34:43'),
(7, '24', '2016-2017', '2018-02-06 02:34:51', '2018-02-06 02:34:51'),
(8, '25', '2017-2018', '2018-02-06 02:34:58', '2018-02-06 02:34:58'),
(9, '26', '2017-2018', '2018-02-06 02:35:05', '2018-02-06 02:35:05');

-- --------------------------------------------------------

--
-- Table structure for table `batch_enrolls`
--

CREATE TABLE `batch_enrolls` (
  `id` int(10) UNSIGNED NOT NULL,
  `supervisor_id` varchar(15) COLLATE utf8mb4_unicode_ci NOT NULL,
  `semester_id` int(10) UNSIGNED NOT NULL,
  `exam_time_id` int(10) UNSIGNED NOT NULL,
  `batch_id` int(10) UNSIGNED NOT NULL,
  `created_at` timestamp NULL DEFAULT NULL,
  `updated_at` timestamp NULL DEFAULT NULL
) ENGINE=InnoDB DEFAULT CHARSET=utf8mb4 COLLATE=utf8mb4_unicode_ci;

--
-- Dumping data for table `batch_enrolls`
--

INSERT INTO `batch_enrolls` (`id`, `supervisor_id`, `semester_id`, `exam_time_id`, `batch_id`, `created_at`, `updated_at`) VALUES
(1, '30401515598319', 1, 1, 1, '2018-05-29 09:43:16', '2018-05-29 09:43:16');

-- --------------------------------------------------------

--
-- Table structure for table `charman_enrolls`
--

CREATE TABLE `charman_enrolls` (
  `id` int(10) UNSIGNED NOT NULL,
  `supervisor_id` varchar(15) COLLATE utf8mb4_unicode_ci NOT NULL,
  `exam_time_id` int(10) UNSIGNED NOT NULL,
  `semester_id` int(10) UNSIGNED NOT NULL,
  `charman_id` varchar(15) COLLATE utf8mb4_unicode_ci NOT NULL,
  `created_at` timestamp NULL DEFAULT NULL,
  `updated_at` timestamp NULL DEFAULT NULL
) ENGINE=InnoDB DEFAULT CHARSET=utf8mb4 COLLATE=utf8mb4_unicode_ci;

--
-- Dumping data for table `charman_enrolls`
--

INSERT INTO `charman_enrolls` (`id`, `supervisor_id`, `exam_time_id`, `semester_id`, `charman_id`, `created_at`, `updated_at`) VALUES
(4, '30401515598319', 1, 1, '90561525013235', '2018-04-29 21:38:17', '2018-04-29 21:38:17');

-- --------------------------------------------------------

--
-- Table structure for table `courses`
--

CREATE TABLE `courses` (
  `id` int(10) UNSIGNED NOT NULL,
  `user_id` varchar(15) COLLATE utf8mb4_unicode_ci NOT NULL,
  `type` int(11) NOT NULL,
  `name` varchar(191) COLLATE utf8mb4_unicode_ci NOT NULL,
  `code` varchar(191) COLLATE utf8mb4_unicode_ci NOT NULL,
  `credit` int(11) NOT NULL,
  `mark` int(11) NOT NULL,
  `content` text COLLATE utf8mb4_unicode_ci NOT NULL,
  `created_at` timestamp NULL DEFAULT NULL,
  `updated_at` timestamp NULL DEFAULT NULL
) ENGINE=InnoDB DEFAULT CHARSET=utf8mb4 COLLATE=utf8mb4_unicode_ci;

--
-- Dumping data for table `courses`
--

INSERT INTO `courses` (`id`, `user_id`, `type`, `name`, `code`, `credit`, `mark`, `content`, `created_at`, `updated_at`) VALUES
(1, '30401515598319', 1, 'Computer Fundamentals', 'CSE 111', 3, 100, '<p><br></p>', '2018-04-08 09:53:45', '2018-04-29 18:17:55'),
(2, '30401515598319', 2, 'Computer Fundamentals Lab', 'CSE 111 L', 2, 50, '<p><br></p>', '2018-04-29 18:20:40', '2018-04-29 18:20:40'),
(3, '30401515598319', 1, 'Structured  Programming  Language', 'CSE 11 2', 3, 100, '<p><br></p>', '2018-04-29 18:21:09', '2018-04-29 18:21:09'),
(4, '30401515598319', 2, 'Structured  Programming  Language Lab', 'CSE 112 L', 2, 50, '<p><br></p>', '2018-04-29 18:21:56', '2018-04-29 18:21:56'),
(5, '30401515598319', 1, 'Mathematics - I', 'MAT 11 3', 2, 50, '<p><br></p>', '2018-04-29 18:22:26', '2018-04-29 18:22:26'),
(6, '30401515598319', 1, 'Environmental Science', 'ENV 11 4', 3, 100, '<p><br></p>', '2018-04-29 18:22:54', '2018-04-29 18:22:54'),
(7, '30401515598319', 1, 'English - I', 'LAN 11 5', 2, 50, '<p><br></p>', '2018-04-29 18:23:19', '2018-04-29 18:23:19'),
(8, '30401515598319', 1, 'B Engal', 'LAN 11 6', 2, 50, '<p><br></p>', '2018-04-29 18:23:46', '2018-04-29 18:23:46'),
(9, '30401515598319', 3, 'Viva Voce', 'CSE 11 7', 1, 25, '<p><br></p>', '2018-04-29 18:24:11', '2018-04-29 18:24:11'),
(10, '30401515598319', 1, 'Object Oriented  Programming Language', 'CSE 121', 3, 100, '<p><br></p>', '2018-04-29 18:24:57', '2018-04-29 18:24:57'),
(11, '30401515598319', 2, 'Object Oriented  Programming Language Lab', 'CSE 1 2 1 L', 2, 50, '<p><br></p>', '2018-04-29 18:25:32', '2018-04-29 18:25:32'),
(12, '30401515598319', 1, 'Digital Logic  & System  Design', 'CSE 1 2 2', 3, 100, '<p><br></p>', '2018-04-29 18:25:56', '2018-04-29 18:25:56'),
(13, '30401515598319', 2, 'Digital Logic  & System  Design Lab', 'CSE 1 2 2 L', 2, 50, '<p><br></p>', '2018-04-29 18:26:18', '2018-04-29 18:26:18'),
(14, '30401515598319', 1, 'Mathematics - II', 'MAT 12 3', 2, 50, '<p><br></p>', '2018-04-29 18:27:01', '2018-04-29 18:27:01'),
(15, '30401515598319', 1, 'Physics', 'PHY 1 24', 3, 100, '<p><br></p>', '2018-04-29 18:27:17', '2018-04-29 18:27:17'),
(16, '30401515598319', 1, 'English - II', 'LAN 1 25', 2, 50, '<p><br></p>', '2018-04-29 18:27:51', '2018-04-29 18:27:51'),
(17, '30401515598319', 1, 'Liberation War Of  Bangladesh', 'LAN 1 26', 3, 100, '<p><br></p>', '2018-04-29 18:28:14', '2018-04-29 18:28:14'),
(19, '30401515598319', 3, 'Viva Voce2', 'CSE 1 27', 1, 25, '<p><br></p>', '2018-04-29 18:36:15', '2018-04-29 18:36:15'),
(20, '30401515598319', 1, 'Data Structures', 'CSE2 3 1', 3, 100, '<p><br></p>', '2018-04-29 18:37:10', '2018-04-29 18:37:10'),
(21, '30401515598319', 2, 'Data Structures Lab', 'CSE23 1 L', 2, 50, '<p><br></p>', '2018-04-29 18:37:46', '2018-04-29 18:37:46'),
(22, '30401515598319', 1, 'Elec Tronics &  Electrical  Circuits', 'CSE 2 3 2', 3, 100, '<p><br></p>', '2018-04-29 18:39:13', '2018-04-29 18:39:13'),
(23, '30401515598319', 2, 'Electronics &  Electrical  Circuits Lab', 'CSE232 L', 2, 50, '<p><br></p>', '2018-04-29 18:41:06', '2018-04-29 18:41:06'),
(24, '30401515598319', 1, 'Management', 'COM 233', 2, 50, '<p><br></p>', '2018-04-29 18:41:45', '2018-04-29 18:41:45'),
(25, '30401515598319', 1, 'Statistics & Probability', 'STA2 34', 3, 100, '<p><br></p>', '2018-04-29 18:42:10', '2018-04-29 18:42:10'),
(26, '30401515598319', 1, 'Mathematics - III', 'MAT23 5', 2, 50, '<p><br></p>', '2018-04-29 18:42:39', '2018-04-29 18:42:39'),
(27, '30401515598319', 1, 'Economics', 'ECO2 3 6', 3, 100, '<p><br></p>', '2018-04-29 18:43:18', '2018-04-29 18:43:18'),
(28, '30401515598319', 3, 'Viva Voce3', 'CSE2 3 7', 1, 25, '<p><br></p>', '2018-04-29 18:43:43', '2018-04-29 18:43:43'),
(29, '30401515598319', 1, 'Algorithms', 'CSE2 4 1', 3, 100, '<p><br></p>', '2018-04-29 18:45:16', '2018-04-29 18:45:16'),
(30, '30401515598319', 2, 'Algorithms Lab', 'CSE2 4 1 L', 2, 50, '<p><br></p>', '2018-04-29 18:45:55', '2018-04-29 18:45:55'),
(31, '30401515598319', 1, 'Di Gital  Image Processing', 'CSE2 4 2', 3, 100, '<p><br></p>', '2018-04-29 18:46:16', '2018-04-29 18:46:16'),
(32, '30401515598319', 2, 'Digital  Image Processing Lab', 'CSE24 2L', 2, 50, '<p><br></p>', '2018-04-29 18:46:40', '2018-04-29 18:46:40'),
(33, '30401515598319', 2, 'Assembly Language Program. Lab', 'CSE24 3 L', 2, 50, '<p><br></p>', '2018-04-29 18:47:03', '2018-04-29 18:47:03'),
(34, '30401515598319', 1, 'Discrete Mathematics', 'CSE2 4 4', 3, 100, '<p><br></p>', '2018-04-29 18:47:26', '2018-04-29 18:47:26'),
(35, '30401515598319', 1, 'Mathematics - IV', 'MAT 2 4 5', 2, 50, '<p><br></p>', '2018-04-29 18:47:52', '2018-04-29 18:47:52'),
(36, '30401515598319', 1, 'Accounting', 'COM 24 6', 2, 50, '<p><br></p>', '2018-04-29 18:48:12', '2018-04-29 18:48:12'),
(37, '30401515598319', 3, 'Viva Voce4', 'CSE24 7', 1, 25, '<p><br></p>', '2018-04-29 18:48:41', '2018-04-29 18:48:41'),
(38, '30401515598319', 1, 'Database Systems', 'CSE3 5 1', 3, 100, '<p><br></p>', '2018-04-29 20:36:58', '2018-04-29 20:36:58'),
(39, '30401515598319', 2, 'Database  Systems  Lab', 'CSE3 5 1 L', 2, 50, '<p><br></p>', '2018-04-29 20:37:34', '2018-04-29 20:37:34'),
(40, '30401515598319', 1, 'Microprocessor', 'CSE3 5 2', 3, 100, '<p><br></p>', '2018-04-29 20:37:59', '2018-04-29 20:37:59'),
(41, '30401515598319', 2, 'Microproc Essor Lab', 'CSE 35 2L', 2, 50, '<p><br></p>', '2018-04-29 20:38:26', '2018-04-29 20:38:26'),
(42, '30401515598319', 1, 'Data Communication', 'CSE 35 3', 3, 100, '<p><br></p>', '2018-04-29 20:38:53', '2018-04-29 20:38:53'),
(43, '30401515598319', 1, 'Automata Theory', 'CSE354', 2, 50, '<p><br></p>', '2018-04-29 20:39:18', '2018-04-29 20:39:18'),
(44, '30401515598319', 2, 'Java Programming Lab', 'CSE355 L', 2, 50, '<p><br></p>', '2018-04-29 20:39:43', '2018-04-29 20:39:43'),
(45, '30401515598319', 1, 'Numerical Methods', 'CSE 35 6', 2, 50, '<p><br></p>', '2018-04-29 20:40:14', '2018-04-29 20:40:14'),
(46, '30401515598319', 3, 'Viva Voce5', 'CSE 35 7', 1, 25, '<p><br></p>', '2018-04-29 20:40:41', '2018-04-29 20:40:41'),
(47, '30401515598319', 1, 'Operating System', 'CSE 36 1', 3, 100, '<p><br></p>', '2018-04-29 20:41:05', '2018-04-29 20:41:05'),
(48, '30401515598319', 2, 'Operating System Lab', 'CSE361L', 2, 50, '<p><br></p>', '2018-04-29 20:41:26', '2018-04-29 20:41:26'),
(49, '30401515598319', 1, 'Web Engineering', 'CSE362', 3, 100, '<p><br></p>', '2018-04-29 20:41:46', '2018-04-29 20:41:46'),
(50, '30401515598319', 2, 'Web Engineering Lab', 'CSE362L', 2, 50, '<p><br></p>', '2018-04-29 20:42:10', '2018-04-29 20:42:10'),
(51, '30401515598319', 1, 'Computer Architecture', 'CSE363', 3, 100, '<p><br></p>', '2018-04-29 20:42:29', '2018-04-29 20:42:29'),
(52, '30401515598319', 1, 'Computer Periph Erals And  Interfacing', 'CSE364', 3, 100, '<p><br></p>', '2018-04-29 20:42:53', '2018-04-29 20:42:53'),
(53, '30401515598319', 2, 'Multimedia Systems Lab', 'CSE365L', 2, 50, '<p><br></p>', '2018-04-29 20:43:37', '2018-04-29 20:43:37'),
(54, '30401515598319', 2, 'Mobile Application Lab', 'CSE366L', 2, 50, '<p><br></p>', '2018-04-29 20:44:00', '2018-04-29 20:44:00'),
(55, '30401515598319', 3, 'Viva Voce6', 'CSE367', 1, 25, '<p><br></p>', '2018-04-29 20:44:32', '2018-04-29 20:44:32'),
(56, '30401515598319', 1, 'Computer Networks', 'CSE4 7 1', 3, 100, '<p><br></p>', '2018-04-29 20:45:01', '2018-04-29 20:45:01'),
(57, '30401515598319', 2, 'Computer Networks Lab', 'CSE47 1 L', 2, 50, '<p><br></p>', '2018-04-29 20:45:27', '2018-04-29 20:45:27'),
(58, '30401515598319', 1, 'Software Engineering', 'CSE4 7 2', 3, 100, '<p><br></p>', '2018-04-29 20:45:43', '2018-04-29 20:45:43'),
(59, '30401515598319', 2, 'Software Engineering Lab', 'CSE472L', 2, 50, '<p><br></p>', '2018-04-29 20:46:04', '2018-04-29 20:46:04'),
(60, '30401515598319', 1, 'Digital Signal Processing', 'CSE473', 3, 100, '<p><br></p>', '2018-04-29 20:46:25', '2018-04-29 20:46:25'),
(61, '30401515598319', 1, 'Compiler Design', 'CSE4 7 4', 2, 50, '<p><br></p>', '2018-04-29 20:46:45', '2018-04-29 20:46:45'),
(62, '30401515598319', 1, 'Simulation And Modeling', 'CSE475', 3, 100, '<p><br></p>', '2018-04-29 20:47:05', '2018-04-29 20:47:05'),
(63, '30401515598319', 3, 'Viva Voce7', 'CSE476', 1, 25, '<p><br></p>', '2018-04-29 20:47:33', '2018-04-29 20:47:33'),
(64, '30401515598319', 1, 'Computer Graphics', 'CSE481', 3, 100, '<p><br></p>', '2018-04-29 20:47:50', '2018-05-22 09:35:21'),
(65, '30401515598319', 2, 'Computer Graphics L Ab', 'CSE481L', 2, 50, '<p><br></p>', '2018-04-29 20:48:15', '2018-05-22 09:36:08'),
(66, '30401515598319', 1, 'Artificial Intelligence', 'CSE482', 3, 100, '<p><br></p>', '2018-04-29 20:48:36', '2018-05-22 09:36:48'),
(67, '30401515598319', 2, 'Artificial Intelligence Lab', 'CSE482L', 2, 50, '<p><br></p>', '2018-04-29 20:49:00', '2018-05-22 09:37:02'),
(68, '30401515598319', 1, 'Data Mining', 'CSE483', 3, 100, '<p><br></p>', '2018-04-29 20:49:20', '2018-05-22 09:37:30'),
(69, '30401515598319', 4, 'Project Work', 'CSE484', 4, 100, '<p><br></p>', '2018-04-29 20:49:55', '2018-05-22 09:36:30'),
(70, '30401515598319', 3, 'Viva Voce8', 'CSE485', 1, 25, '<p><br></p>', '2018-04-29 21:35:36', '2018-05-22 09:37:42');

-- --------------------------------------------------------

--
-- Table structure for table `course_enrolls`
--

CREATE TABLE `course_enrolls` (
  `id` int(10) UNSIGNED NOT NULL,
  `supervisor_id` varchar(15) COLLATE utf8mb4_unicode_ci NOT NULL,
  `semester_id` int(10) UNSIGNED NOT NULL,
  `course_id` int(10) UNSIGNED NOT NULL,
  `exam_time_id` int(10) UNSIGNED NOT NULL,
  `teacher_id` varchar(15) COLLATE utf8mb4_unicode_ci NOT NULL,
  `created_at` timestamp NULL DEFAULT NULL,
  `updated_at` timestamp NULL DEFAULT NULL
) ENGINE=InnoDB DEFAULT CHARSET=utf8mb4 COLLATE=utf8mb4_unicode_ci;

--
-- Dumping data for table `course_enrolls`
--

INSERT INTO `course_enrolls` (`id`, `supervisor_id`, `semester_id`, `course_id`, `exam_time_id`, `teacher_id`, `created_at`, `updated_at`) VALUES
(2, '30401515598319', 1, 64, 1, '58881525013267', '2018-04-29 21:14:21', '2018-04-29 21:14:21'),
(3, '30401515598319', 1, 65, 1, '58881525013267', '2018-04-29 21:31:30', '2018-04-29 21:31:30'),
(4, '30401515598319', 1, 69, 1, '82891525013156', '2018-04-29 21:31:55', '2018-04-29 21:31:55'),
(5, '30401515598319', 1, 66, 1, '56411525013076', '2018-04-29 21:32:23', '2018-04-29 21:32:23'),
(6, '30401515598319', 1, 67, 1, '28231525013497', '2018-04-29 21:32:39', '2018-04-29 21:32:39'),
(7, '30401515598319', 1, 68, 1, '97411525013394', '2018-04-29 21:33:11', '2018-04-29 21:33:11'),
(8, '30401515598319', 1, 60, 1, '97411525013394', '2018-04-29 21:34:14', '2018-04-29 21:34:14'),
(9, '30401515598319', 1, 70, 1, '97411525013394', '2018-04-29 21:35:56', '2018-04-29 21:35:56'),
(11, '30401515598319', 2, 1, 1, '97411525013394', '2018-05-30 02:17:39', '2018-05-30 02:17:39'),
(12, '30401515598319', 1, 10, 2, '97411525013394', '2018-05-30 02:19:06', '2018-05-30 02:19:06');

-- --------------------------------------------------------

--
-- Table structure for table `due_student_enrolls`
--

CREATE TABLE `due_student_enrolls` (
  `id` int(10) UNSIGNED NOT NULL,
  `student_id` int(10) UNSIGNED NOT NULL,
  `supervisor_id` varchar(15) COLLATE utf8mb4_unicode_ci NOT NULL,
  `exam_time_id` int(10) UNSIGNED NOT NULL,
  `semester_id` int(10) UNSIGNED NOT NULL,
  `created_at` timestamp NULL DEFAULT NULL,
  `updated_at` timestamp NULL DEFAULT NULL
) ENGINE=InnoDB DEFAULT CHARSET=utf8mb4 COLLATE=utf8mb4_unicode_ci;

--
-- Dumping data for table `due_student_enrolls`
--

INSERT INTO `due_student_enrolls` (`id`, `student_id`, `supervisor_id`, `exam_time_id`, `semester_id`, `created_at`, `updated_at`) VALUES
(35, 243, '30401515598319', 1, 1, NULL, NULL);

-- --------------------------------------------------------

--
-- Table structure for table `exam_times`
--

CREATE TABLE `exam_times` (
  `id` int(10) UNSIGNED NOT NULL,
  `exam_month` varchar(191) COLLATE utf8mb4_unicode_ci NOT NULL,
  `exam_year` varchar(4) COLLATE utf8mb4_unicode_ci NOT NULL,
  `slug` varchar(191) COLLATE utf8mb4_unicode_ci NOT NULL,
  `supervisor_id` varchar(15) COLLATE utf8mb4_unicode_ci NOT NULL,
  `created_at` timestamp NULL DEFAULT NULL,
  `updated_at` timestamp NULL DEFAULT NULL
) ENGINE=InnoDB DEFAULT CHARSET=utf8mb4 COLLATE=utf8mb4_unicode_ci;

--
-- Dumping data for table `exam_times`
--

INSERT INTO `exam_times` (`id`, `exam_month`, `exam_year`, `slug`, `supervisor_id`, `created_at`, `updated_at`) VALUES
(1, 'April', '2018', 'april-2018', '30401515598319', '2018-04-08 09:54:03', '2018-05-15 03:00:00'),
(2, 'October', '2018', 'october-2018', '30401515598319', '2018-04-29 20:58:23', '2018-04-29 20:58:23'),
(3, 'February', '2018', 'february-2018', '30401515598319', '2018-05-15 02:58:07', '2018-05-15 02:58:07');

-- --------------------------------------------------------

--
-- Table structure for table `external_enrolls`
--

CREATE TABLE `external_enrolls` (
  `id` int(10) UNSIGNED NOT NULL,
  `supervisor_id` varchar(15) COLLATE utf8mb4_unicode_ci NOT NULL,
  `semester_id` int(10) UNSIGNED NOT NULL,
  `course_id` int(10) UNSIGNED NOT NULL,
  `exam_time_id` int(10) UNSIGNED NOT NULL,
  `teacher_id` varchar(15) COLLATE utf8mb4_unicode_ci NOT NULL,
  `created_at` timestamp NULL DEFAULT NULL,
  `updated_at` timestamp NULL DEFAULT NULL
) ENGINE=InnoDB DEFAULT CHARSET=utf8mb4 COLLATE=utf8mb4_unicode_ci;

--
-- Dumping data for table `external_enrolls`
--

INSERT INTO `external_enrolls` (`id`, `supervisor_id`, `semester_id`, `course_id`, `exam_time_id`, `teacher_id`, `created_at`, `updated_at`) VALUES
(1, '30401515598319', 1, 1, 1, '39861523206635', '2018-04-08 11:03:27', '2018-04-08 11:03:27'),
(2, '30401515598319', 1, 64, 1, '52951525013895', '2018-04-29 21:23:27', '2018-04-29 21:23:27');

-- --------------------------------------------------------

--
-- Table structure for table `external_seventy_percent_marks`
--

CREATE TABLE `external_seventy_percent_marks` (
  `id` int(10) UNSIGNED NOT NULL,
  `teacher_id` varchar(15) COLLATE utf8mb4_unicode_ci NOT NULL,
  `student_id` int(10) UNSIGNED NOT NULL,
  `course_id` int(10) UNSIGNED NOT NULL,
  `exam_time_id` int(10) UNSIGNED NOT NULL,
  `semester_id` int(10) UNSIGNED NOT NULL,
  `q_1` decimal(4,2) NOT NULL,
  `q_2` decimal(4,2) NOT NULL,
  `q_3` decimal(4,2) NOT NULL,
  `q_4` decimal(4,2) NOT NULL,
  `q_5` decimal(4,2) NOT NULL,
  `q_6` decimal(4,2) NOT NULL,
  `q_7` decimal(4,2) NOT NULL,
  `q_8` decimal(4,2) NOT NULL,
  `q_9` decimal(4,2) NOT NULL,
  `q_10` decimal(4,2) NOT NULL,
  `q_11` decimal(4,2) NOT NULL,
  `q_12` decimal(4,2) NOT NULL,
  `q_13` decimal(4,2) NOT NULL,
  `q_14` decimal(4,2) NOT NULL,
  `q_15` decimal(4,2) NOT NULL,
  `total` decimal(4,2) NOT NULL,
  `created_at` timestamp NULL DEFAULT NULL,
  `updated_at` timestamp NULL DEFAULT NULL
) ENGINE=InnoDB DEFAULT CHARSET=utf8mb4 COLLATE=utf8mb4_unicode_ci;

--
-- Dumping data for table `external_seventy_percent_marks`
--

INSERT INTO `external_seventy_percent_marks` (`id`, `teacher_id`, `student_id`, `course_id`, `exam_time_id`, `semester_id`, `q_1`, `q_2`, `q_3`, `q_4`, `q_5`, `q_6`, `q_7`, `q_8`, `q_9`, `q_10`, `q_11`, `q_12`, `q_13`, `q_14`, `q_15`, `total`, `created_at`, `updated_at`) VALUES
(1, '39861523206635', 247, 1, 1, 1, '14.00', '12.00', '12.00', '3.00', '2.00', '0.00', '0.00', '0.00', '0.00', '0.00', '0.00', '0.00', '0.00', '0.00', '0.00', '43.00', '2018-04-08 11:34:59', '2018-04-11 04:26:28'),
(2, '39861523206635', 241, 1, 1, 1, '12.00', '12.00', '2.00', '1.00', '3.00', '0.00', '0.00', '0.00', '0.00', '0.00', '0.00', '0.00', '0.00', '0.00', '0.00', '30.00', '2018-04-11 04:25:33', '2018-04-11 04:26:17'),
(3, '39861523206635', 1, 1, 1, 1, '5.00', '5.00', '5.00', '5.00', '5.00', '0.00', '0.00', '0.00', '0.00', '0.00', '0.00', '0.00', '0.00', '0.00', '0.00', '25.00', '2018-04-22 08:42:32', '2018-04-22 08:42:32'),
(4, '52951525013895', 251, 64, 1, 1, '12.00', '10.00', '5.00', '8.00', '10.00', '0.00', '0.00', '0.00', '0.00', '0.00', '0.00', '0.00', '0.00', '0.00', '0.00', '45.00', '2018-05-17 19:55:11', '2018-05-17 19:55:11'),
(5, '52951525013895', 252, 64, 1, 1, '8.00', '7.00', '10.00', '14.00', '5.00', '0.00', '0.00', '0.00', '0.00', '0.00', '0.00', '0.00', '0.00', '0.00', '0.00', '44.00', '2018-05-17 19:55:30', '2018-05-17 19:55:30'),
(6, '52951525013895', 255, 64, 1, 1, '11.00', '9.00', '7.00', '10.00', '12.00', '0.00', '0.00', '0.00', '0.00', '0.00', '0.00', '0.00', '0.00', '0.00', '0.00', '49.00', '2018-05-17 19:56:26', '2018-05-17 19:56:26'),
(7, '52951525013895', 257, 64, 1, 1, '9.00', '7.00', '6.00', '10.00', '12.00', '0.00', '0.00', '0.00', '0.00', '0.00', '0.00', '0.00', '0.00', '0.00', '0.00', '44.00', '2018-05-17 19:57:05', '2018-05-17 19:57:05'),
(8, '52951525013895', 258, 64, 1, 1, '10.00', '12.00', '9.00', '10.00', '7.00', '0.00', '0.00', '0.00', '0.00', '0.00', '0.00', '0.00', '0.00', '0.00', '0.00', '48.00', '2018-05-17 20:03:40', '2018-05-17 20:03:40'),
(9, '52951525013895', 241, 64, 1, 1, '10.00', '9.00', '12.00', '8.00', '11.00', '0.00', '0.00', '0.00', '0.00', '0.00', '0.00', '0.00', '0.00', '0.00', '0.00', '50.00', '2018-05-17 20:04:05', '2018-05-17 20:04:05'),
(10, '52951525013895', 247, 64, 1, 1, '9.00', '12.00', '10.00', '13.00', '7.00', '0.00', '0.00', '0.00', '0.00', '0.00', '0.00', '0.00', '0.00', '0.00', '0.00', '51.00', '2018-05-17 20:04:52', '2018-05-17 20:04:52'),
(11, '52951525013895', 1, 64, 1, 1, '7.00', '10.00', '11.00', '12.00', '10.00', '0.00', '0.00', '0.00', '0.00', '0.00', '0.00', '0.00', '0.00', '0.00', '0.00', '50.00', '2018-05-17 20:05:37', '2018-05-17 20:05:37'),
(12, '52951525013895', 242, 64, 1, 1, '9.00', '11.00', '10.00', '8.00', '12.00', '0.00', '0.00', '0.00', '0.00', '0.00', '0.00', '0.00', '0.00', '0.00', '0.00', '50.00', '2018-05-17 20:11:42', '2018-05-17 20:11:42'),
(13, '52951525013895', 248, 64, 1, 1, '10.00', '8.00', '9.00', '12.00', '0.00', '0.00', '0.00', '0.00', '0.00', '0.00', '0.00', '0.00', '0.00', '0.00', '0.00', '39.00', '2018-05-17 20:13:09', '2018-05-17 20:13:09'),
(14, '52951525013895', 244, 64, 1, 1, '11.00', '10.00', '9.00', '12.00', '7.00', '0.00', '0.00', '0.00', '0.00', '0.00', '0.00', '0.00', '0.00', '0.00', '0.00', '49.00', '2018-05-17 20:14:23', '2018-05-17 20:14:23'),
(15, '52951525013895', 249, 64, 1, 1, '7.00', '12.00', '10.00', '9.00', '6.00', '0.00', '0.00', '0.00', '0.00', '0.00', '0.00', '0.00', '0.00', '0.00', '0.00', '44.00', '2018-05-17 20:15:27', '2018-05-17 20:15:27'),
(16, '52951525013895', 245, 64, 1, 1, '10.00', '7.00', '12.00', '9.00', '8.00', '0.00', '0.00', '0.00', '0.00', '0.00', '0.00', '0.00', '0.00', '0.00', '0.00', '46.00', '2018-05-17 20:15:40', '2018-05-17 20:15:40'),
(17, '52951525013895', 259, 64, 1, 1, '6.00', '7.00', '12.00', '7.00', '10.00', '0.00', '0.00', '0.00', '0.00', '0.00', '0.00', '0.00', '0.00', '0.00', '0.00', '42.00', '2018-05-17 20:15:55', '2018-05-17 20:15:55'),
(18, '52951525013895', 262, 64, 1, 1, '14.00', '10.00', '9.00', '5.00', '7.00', '0.00', '0.00', '0.00', '0.00', '0.00', '0.00', '0.00', '0.00', '0.00', '0.00', '45.00', '2018-05-17 20:16:10', '2018-05-17 20:16:10'),
(19, '52951525013895', 246, 64, 1, 1, '6.00', '7.00', '12.00', '10.00', '8.00', '0.00', '0.00', '0.00', '0.00', '0.00', '0.00', '0.00', '0.00', '0.00', '0.00', '43.00', '2018-05-17 20:16:26', '2018-05-17 20:16:26'),
(20, '52951525013895', 261, 64, 1, 1, '11.00', '8.00', '12.00', '10.00', '7.00', '0.00', '0.00', '0.00', '0.00', '0.00', '0.00', '0.00', '0.00', '0.00', '0.00', '48.00', '2018-05-17 20:17:12', '2018-05-17 20:17:12'),
(21, '52951525013895', 243, 64, 1, 1, '6.00', '12.00', '8.00', '9.00', '10.00', '0.00', '0.00', '0.00', '0.00', '0.00', '0.00', '0.00', '0.00', '0.00', '0.00', '45.00', '2018-05-17 20:17:39', '2018-05-17 20:17:39'),
(22, '52951525013895', 254, 64, 1, 1, '8.00', '9.00', '12.00', '10.00', '9.00', '0.00', '0.00', '0.00', '0.00', '0.00', '0.00', '0.00', '0.00', '0.00', '0.00', '48.00', '2018-05-17 20:18:20', '2018-05-17 20:18:20'),
(23, '52951525013895', 264, 64, 1, 1, '9.00', '12.00', '11.00', '10.00', '8.00', '0.00', '0.00', '0.00', '0.00', '0.00', '0.00', '0.00', '0.00', '0.00', '0.00', '50.00', '2018-05-17 20:18:37', '2018-05-17 20:18:37'),
(24, '52951525013895', 263, 64, 1, 1, '12.00', '8.00', '10.00', '9.00', '13.00', '0.00', '0.00', '0.00', '0.00', '0.00', '0.00', '0.00', '0.00', '0.00', '0.00', '52.00', '2018-05-17 20:19:24', '2018-05-17 20:19:24'),
(25, '52951525013895', 253, 64, 1, 1, '5.00', '12.00', '9.00', '10.00', '7.00', '0.00', '0.00', '0.00', '0.00', '0.00', '0.00', '0.00', '0.00', '0.00', '0.00', '43.00', '2018-05-17 20:19:45', '2018-05-17 20:19:45'),
(26, '52951525013895', 2, 64, 1, 1, '9.00', '10.00', '13.00', '5.00', '0.00', '0.00', '0.00', '0.00', '0.00', '0.00', '0.00', '0.00', '0.00', '0.00', '0.00', '37.00', '2018-05-17 20:20:13', '2018-05-17 20:20:13'),
(27, '52951525013895', 256, 64, 1, 1, '10.00', '5.00', '12.00', '7.00', '12.00', '0.00', '0.00', '0.00', '0.00', '0.00', '0.00', '0.00', '0.00', '0.00', '0.00', '46.00', '2018-05-17 20:20:39', '2018-05-17 20:20:39'),
(28, '52951525013895', 251, 66, 1, 1, '8.00', '11.00', '10.00', '9.00', '7.00', '0.00', '0.00', '0.00', '0.00', '0.00', '0.00', '0.00', '0.00', '0.00', '0.00', '45.00', '2018-05-17 20:52:06', '2018-05-17 20:52:20'),
(29, '52951525013895', 252, 66, 1, 1, '12.00', '7.00', '6.00', '6.00', '6.00', '0.00', '0.00', '0.00', '0.00', '0.00', '0.00', '0.00', '0.00', '0.00', '0.00', '37.00', '2018-05-17 20:54:33', '2018-05-17 20:54:33'),
(30, '52951525013895', 255, 66, 1, 1, '5.00', '9.00', '11.00', '12.00', '12.00', '0.00', '0.00', '0.00', '0.00', '0.00', '0.00', '0.00', '0.00', '0.00', '0.00', '49.00', '2018-05-17 20:55:54', '2018-05-17 20:55:54'),
(31, '52951525013895', 257, 66, 1, 1, '7.00', '12.00', '13.00', '11.00', '14.00', '0.00', '0.00', '0.00', '0.00', '0.00', '0.00', '0.00', '0.00', '0.00', '0.00', '57.00', '2018-05-17 20:56:15', '2018-05-17 20:56:15'),
(32, '52951525013895', 241, 66, 1, 1, '12.00', '7.00', '6.00', '3.00', '12.00', '0.00', '0.00', '0.00', '0.00', '0.00', '0.00', '0.00', '0.00', '0.00', '0.00', '40.00', '2018-05-17 20:56:39', '2018-05-17 20:56:39'),
(33, '52951525013895', 247, 66, 1, 1, '11.00', '13.00', '6.00', '8.00', '6.00', '0.00', '0.00', '0.00', '0.00', '0.00', '0.00', '0.00', '0.00', '0.00', '0.00', '44.00', '2018-05-17 20:57:06', '2018-05-17 20:57:06'),
(34, '52951525013895', 258, 66, 1, 1, '11.00', '12.00', '13.00', '14.00', '11.00', '0.00', '0.00', '0.00', '0.00', '0.00', '0.00', '0.00', '0.00', '0.00', '0.00', '61.00', '2018-05-17 20:57:29', '2018-05-17 20:57:29'),
(35, '52951525013895', 1, 66, 1, 1, '7.00', '9.00', '11.00', '12.00', '11.00', '0.00', '0.00', '0.00', '0.00', '0.00', '0.00', '0.00', '0.00', '0.00', '0.00', '50.00', '2018-05-17 20:57:57', '2018-05-17 20:57:57'),
(36, '52951525013895', 242, 66, 1, 1, '3.00', '9.00', '12.00', '11.00', '13.00', '0.00', '0.00', '0.00', '0.00', '0.00', '0.00', '0.00', '0.00', '0.00', '0.00', '48.00', '2018-05-17 20:58:18', '2018-05-17 20:58:18'),
(37, '52951525013895', 248, 66, 1, 1, '11.00', '7.00', '8.00', '12.00', '13.00', '0.00', '0.00', '0.00', '0.00', '0.00', '0.00', '0.00', '0.00', '0.00', '0.00', '51.00', '2018-05-17 20:58:38', '2018-05-17 20:58:38'),
(38, '52951525013895', 244, 66, 1, 1, '12.00', '11.00', '12.00', '11.00', '7.00', '0.00', '0.00', '0.00', '0.00', '0.00', '0.00', '0.00', '0.00', '0.00', '0.00', '53.00', '2018-05-17 20:59:00', '2018-05-17 20:59:00'),
(39, '52951525013895', 249, 66, 1, 1, '12.00', '11.00', '12.00', '12.00', '9.00', '0.00', '0.00', '0.00', '0.00', '0.00', '0.00', '0.00', '0.00', '0.00', '0.00', '56.00', '2018-05-17 20:59:25', '2018-05-17 20:59:25'),
(40, '52951525013895', 245, 66, 1, 1, '11.00', '12.00', '12.00', '6.00', '7.00', '0.00', '0.00', '0.00', '0.00', '0.00', '0.00', '0.00', '0.00', '0.00', '0.00', '48.00', '2018-05-17 21:00:07', '2018-05-17 21:00:07'),
(41, '52951525013895', 259, 66, 1, 1, '7.00', '12.00', '11.00', '11.00', '11.00', '0.00', '0.00', '0.00', '0.00', '0.00', '0.00', '0.00', '0.00', '0.00', '0.00', '52.00', '2018-05-17 21:00:32', '2018-05-17 21:00:32'),
(42, '52951525013895', 262, 66, 1, 1, '12.00', '11.00', '12.00', '9.00', '10.00', '0.00', '0.00', '0.00', '0.00', '0.00', '0.00', '0.00', '0.00', '0.00', '0.00', '54.00', '2018-05-17 21:00:56', '2018-05-17 21:00:56'),
(43, '52951525013895', 253, 66, 1, 1, '6.00', '7.00', '6.00', '5.00', '4.00', '0.00', '0.00', '0.00', '0.00', '0.00', '0.00', '0.00', '0.00', '0.00', '0.00', '28.00', '2018-05-17 21:01:22', '2018-05-17 21:01:22'),
(44, '52951525013895', 2, 66, 1, 1, '7.00', '11.00', '12.00', '12.00', '12.00', '0.00', '0.00', '0.00', '0.00', '0.00', '0.00', '0.00', '0.00', '0.00', '0.00', '54.00', '2018-05-17 21:01:44', '2018-05-17 21:01:44'),
(45, '52951525013895', 256, 66, 1, 1, '12.00', '11.00', '7.00', '12.00', '12.00', '0.00', '0.00', '0.00', '0.00', '0.00', '0.00', '0.00', '0.00', '0.00', '0.00', '54.00', '2018-05-17 21:02:18', '2018-05-17 21:02:18'),
(46, '52951525013895', 263, 66, 1, 1, '12.00', '9.00', '5.00', '12.00', '12.00', '0.00', '0.00', '0.00', '0.00', '0.00', '0.00', '0.00', '0.00', '0.00', '0.00', '50.00', '2018-05-17 21:02:39', '2018-05-17 21:02:39'),
(47, '52951525013895', 246, 66, 1, 1, '12.00', '11.00', '7.00', '9.00', '10.00', '0.00', '0.00', '0.00', '0.00', '0.00', '0.00', '0.00', '0.00', '0.00', '0.00', '49.00', '2018-05-17 21:03:10', '2018-05-17 21:03:10'),
(48, '52951525013895', 264, 66, 1, 1, '9.00', '11.00', '10.00', '12.00', '9.00', '0.00', '0.00', '0.00', '0.00', '0.00', '0.00', '0.00', '0.00', '0.00', '0.00', '51.00', '2018-05-17 21:03:38', '2018-05-17 21:03:38'),
(49, '52951525013895', 254, 66, 1, 1, '9.00', '12.00', '11.00', '9.00', '9.00', '0.00', '0.00', '0.00', '0.00', '0.00', '0.00', '0.00', '0.00', '0.00', '0.00', '50.00', '2018-05-17 21:04:00', '2018-05-17 21:04:00'),
(50, '52951525013895', 261, 66, 1, 1, '11.00', '10.00', '14.00', '11.00', '9.00', '0.00', '0.00', '0.00', '0.00', '0.00', '0.00', '0.00', '0.00', '0.00', '0.00', '55.00', '2018-05-17 21:04:24', '2018-05-17 21:04:24'),
(51, '52951525013895', 243, 66, 1, 1, '9.00', '12.00', '11.00', '10.00', '11.00', '0.00', '0.00', '0.00', '0.00', '0.00', '0.00', '0.00', '0.00', '0.00', '0.00', '53.00', '2018-05-17 21:04:45', '2018-05-17 21:04:45');

-- --------------------------------------------------------

--
-- Table structure for table `internal_seventy_percent_marks`
--

CREATE TABLE `internal_seventy_percent_marks` (
  `id` int(10) UNSIGNED NOT NULL,
  `teacher_id` varchar(15) COLLATE utf8mb4_unicode_ci NOT NULL,
  `student_id` int(10) UNSIGNED NOT NULL,
  `course_id` int(10) UNSIGNED NOT NULL,
  `exam_time_id` int(10) UNSIGNED NOT NULL,
  `semester_id` int(10) UNSIGNED NOT NULL,
  `q_1` decimal(4,2) NOT NULL,
  `q_2` decimal(4,2) NOT NULL,
  `q_3` decimal(4,2) NOT NULL,
  `q_4` decimal(4,2) NOT NULL,
  `q_5` decimal(4,2) NOT NULL,
  `q_6` decimal(4,2) NOT NULL,
  `q_7` decimal(4,2) NOT NULL,
  `q_8` decimal(4,2) NOT NULL,
  `q_9` decimal(4,2) NOT NULL,
  `q_10` decimal(4,2) NOT NULL,
  `q_11` decimal(4,2) NOT NULL,
  `q_12` decimal(4,2) NOT NULL,
  `q_13` decimal(4,2) NOT NULL,
  `q_14` decimal(4,2) NOT NULL,
  `q_15` decimal(4,2) NOT NULL,
  `total` decimal(4,2) NOT NULL,
  `is_absent` tinyint(1) DEFAULT '0',
  `created_at` timestamp NULL DEFAULT NULL,
  `updated_at` timestamp NULL DEFAULT NULL
) ENGINE=InnoDB DEFAULT CHARSET=utf8mb4 COLLATE=utf8mb4_unicode_ci;

--
-- Dumping data for table `internal_seventy_percent_marks`
--

INSERT INTO `internal_seventy_percent_marks` (`id`, `teacher_id`, `student_id`, `course_id`, `exam_time_id`, `semester_id`, `q_1`, `q_2`, `q_3`, `q_4`, `q_5`, `q_6`, `q_7`, `q_8`, `q_9`, `q_10`, `q_11`, `q_12`, `q_13`, `q_14`, `q_15`, `total`, `is_absent`, `created_at`, `updated_at`) VALUES
(1, '30401515598319', 247, 1, 1, 1, '14.00', '14.00', '12.00', '12.00', '13.00', '0.00', '0.00', '0.00', '0.00', '0.00', '0.00', '0.00', '0.00', '0.00', '0.00', '65.00', 0, '2018-04-08 10:09:23', '2018-04-08 10:09:23'),
(2, '30401515598319', 241, 1, 1, 1, '14.00', '14.00', '14.00', '14.00', '14.00', '0.00', '0.00', '0.00', '0.00', '0.00', '0.00', '0.00', '0.00', '0.00', '0.00', '70.00', 0, '2018-04-22 08:19:08', '2018-04-22 08:19:08'),
(3, '30401515598319', 1, 1, 1, 1, '14.00', '14.00', '14.00', '14.00', '14.00', '0.00', '0.00', '0.00', '0.00', '0.00', '0.00', '0.00', '0.00', '0.00', '0.00', '70.00', 0, '2018-04-22 08:21:10', '2018-04-22 08:21:10'),
(4, '39861523206635', 1, 1, 1, 1, '5.00', '5.00', '5.00', '5.00', '5.00', '0.00', '0.00', '0.00', '0.00', '0.00', '0.00', '0.00', '0.00', '0.00', '0.00', '25.00', 0, '2018-04-22 08:40:20', '2018-04-22 08:40:20'),
(5, '97411525013394', 251, 68, 1, 1, '12.00', '0.00', '12.00', '14.00', '12.00', '11.00', '9.00', '0.00', '0.00', '0.00', '0.00', '0.00', '0.00', '0.00', '0.00', '70.00', 0, '2018-04-30 11:28:48', '2018-04-30 11:28:48'),
(6, '58881525013267', 252, 64, 1, 1, '0.00', '0.00', '0.00', '0.00', '0.00', '0.00', '0.00', '0.00', '0.00', '0.00', '0.00', '0.00', '0.00', '0.00', '0.00', '0.00', 0, '2018-04-30 11:44:22', '2018-05-21 11:10:05'),
(7, '58881525013267', 255, 64, 1, 1, '0.00', '0.00', '0.00', '0.00', '0.00', '0.00', '0.00', '0.00', '0.00', '0.00', '0.00', '0.00', '0.00', '0.00', '0.00', '0.00', 1, '2018-04-30 11:49:42', '2018-05-21 11:10:18'),
(8, '58881525013267', 257, 64, 1, 1, '11.00', '14.00', '0.00', '10.00', '12.00', '0.00', '14.00', '0.00', '0.00', '0.00', '0.00', '0.00', '0.00', '0.00', '0.00', '61.00', 0, '2018-04-30 11:50:24', '2018-04-30 11:50:24'),
(9, '58881525013267', 258, 64, 1, 1, '14.00', '12.00', '0.00', '13.00', '0.00', '8.00', '14.00', '0.00', '0.00', '0.00', '0.00', '0.00', '0.00', '0.00', '0.00', '61.00', 0, '2018-04-30 11:51:15', '2018-04-30 11:51:15'),
(10, '58881525013267', 242, 64, 1, 1, '0.00', '0.00', '12.00', '13.00', '12.00', '14.00', '14.00', '0.00', '0.00', '0.00', '0.00', '0.00', '0.00', '0.00', '0.00', '65.00', 0, '2018-04-30 11:51:46', '2018-04-30 11:51:46'),
(11, '58881525013267', 248, 64, 1, 1, '13.00', '8.00', '0.00', '0.00', '13.00', '12.00', '14.00', '0.00', '0.00', '0.00', '0.00', '0.00', '0.00', '0.00', '0.00', '60.00', 0, '2018-04-30 11:53:07', '2018-04-30 11:53:07'),
(12, '58881525013267', 244, 64, 1, 1, '14.00', '0.00', '14.00', '13.00', '12.00', '11.00', '0.00', '0.00', '0.00', '0.00', '0.00', '0.00', '0.00', '0.00', '0.00', '64.00', 0, '2018-04-30 11:54:50', '2018-04-30 11:54:50'),
(13, '58881525013267', 249, 64, 1, 1, '12.00', '10.00', '13.00', '0.00', '14.00', '10.00', '0.00', '0.00', '0.00', '0.00', '0.00', '0.00', '0.00', '0.00', '0.00', '59.00', 0, '2018-04-30 11:56:02', '2018-04-30 11:56:02'),
(14, '58881525013267', 245, 64, 1, 1, '14.00', '13.00', '14.00', '0.00', '0.00', '13.00', '14.00', '0.00', '0.00', '0.00', '0.00', '0.00', '0.00', '0.00', '0.00', '68.00', 0, '2018-04-30 11:56:59', '2018-04-30 11:56:59'),
(15, '58881525013267', 259, 64, 1, 1, '12.00', '10.00', '0.00', '14.00', '10.00', '0.00', '8.00', '0.00', '0.00', '0.00', '0.00', '0.00', '0.00', '0.00', '0.00', '54.00', 0, '2018-04-30 20:30:57', '2018-04-30 20:30:57'),
(16, '58881525013267', 262, 64, 1, 1, '9.00', '12.00', '10.00', '13.00', '0.00', '0.00', '9.00', '0.00', '0.00', '0.00', '0.00', '0.00', '0.00', '0.00', '0.00', '53.00', 0, '2018-04-30 20:32:30', '2018-04-30 20:32:30'),
(17, '58881525013267', 246, 64, 1, 1, '12.00', '13.00', '10.00', '0.00', '14.00', '0.00', '14.00', '0.00', '0.00', '0.00', '0.00', '0.00', '0.00', '0.00', '0.00', '63.00', 0, '2018-04-30 20:33:38', '2018-04-30 20:33:38'),
(18, '58881525013267', 261, 64, 1, 1, '11.00', '10.00', '11.00', '0.00', '14.00', '13.00', '0.00', '0.00', '0.00', '0.00', '0.00', '0.00', '0.00', '0.00', '0.00', '59.00', 0, '2018-04-30 20:34:25', '2018-04-30 20:34:25'),
(19, '58881525013267', 243, 64, 1, 1, '12.00', '0.00', '13.00', '0.00', '14.00', '10.00', '11.00', '0.00', '0.00', '0.00', '0.00', '0.00', '0.00', '0.00', '0.00', '60.00', 0, '2018-04-30 20:35:03', '2018-04-30 20:35:03'),
(20, '58881525013267', 254, 64, 1, 1, '10.00', '10.00', '10.00', '10.00', '0.00', '10.00', '0.00', '0.00', '0.00', '0.00', '0.00', '0.00', '0.00', '0.00', '0.00', '50.00', 0, '2018-04-30 20:43:51', '2018-04-30 20:43:51'),
(21, '58881525013267', 264, 64, 1, 1, '9.00', '14.00', '10.00', '12.00', '0.00', '7.00', '0.00', '0.00', '0.00', '0.00', '0.00', '0.00', '0.00', '0.00', '0.00', '52.00', 0, '2018-04-30 20:44:23', '2018-04-30 20:44:23'),
(22, '58881525013267', 263, 64, 1, 1, '14.00', '0.00', '14.00', '13.00', '14.00', '12.00', '0.00', '0.00', '0.00', '0.00', '0.00', '0.00', '0.00', '0.00', '0.00', '67.00', 0, '2018-04-30 20:44:55', '2018-04-30 20:44:55'),
(23, '58881525013267', 256, 64, 1, 1, '9.00', '9.00', '12.00', '10.00', '0.00', '13.00', '0.00', '0.00', '0.00', '0.00', '0.00', '0.00', '0.00', '0.00', '0.00', '53.00', 0, '2018-04-30 20:45:25', '2018-04-30 20:45:25'),
(24, '58881525013267', 2, 64, 1, 1, '13.00', '12.00', '0.00', '10.00', '9.00', '14.00', '0.00', '0.00', '0.00', '0.00', '0.00', '0.00', '0.00', '0.00', '0.00', '58.00', 0, '2018-04-30 20:45:55', '2018-04-30 20:45:55'),
(25, '58881525013267', 253, 64, 1, 1, '14.00', '14.00', '11.00', '13.00', '12.00', '0.00', '0.00', '0.00', '0.00', '0.00', '0.00', '0.00', '0.00', '0.00', '0.00', '64.00', 0, '2018-04-30 20:46:30', '2018-04-30 20:46:30'),
(26, '58881525013267', 251, 64, 1, 1, '12.00', '0.00', '13.00', '11.00', '10.00', '14.00', '0.00', '0.00', '0.00', '0.00', '0.00', '0.00', '0.00', '0.00', '0.00', '60.00', 0, '2018-05-01 00:02:29', '2018-05-01 00:02:29'),
(27, '58881525013267', 1, 64, 1, 1, '0.00', '10.00', '14.00', '9.00', '12.00', '11.00', '0.00', '0.00', '0.00', '0.00', '0.00', '0.00', '0.00', '0.00', '0.00', '56.00', 0, '2018-05-01 00:03:04', '2018-05-01 00:03:04'),
(28, '58881525013267', 241, 64, 1, 1, '0.00', '0.00', '0.00', '0.00', '0.00', '0.00', '0.00', '0.00', '0.00', '0.00', '0.00', '0.00', '0.00', '0.00', '0.00', '0.00', 1, '2018-05-01 00:03:33', '2018-05-21 11:55:25'),
(29, '58881525013267', 247, 64, 1, 1, '13.00', '13.00', '0.00', '13.00', '13.00', '13.00', '0.00', '0.00', '0.00', '0.00', '0.00', '0.00', '0.00', '0.00', '0.00', '65.00', 0, '2018-05-01 00:05:35', '2018-05-01 00:05:35'),
(30, '97411525013394', 252, 68, 1, 1, '6.00', '9.00', '13.00', '12.00', '14.00', '0.00', '0.00', '0.00', '0.00', '0.00', '0.00', '0.00', '0.00', '0.00', '0.00', '54.00', 0, '2018-05-02 07:01:22', '2018-05-02 07:01:22'),
(31, '97411525013394', 255, 68, 1, 1, '0.00', '0.00', '0.00', '0.00', '0.00', '0.00', '0.00', '0.00', '0.00', '0.00', '0.00', '0.00', '0.00', '0.00', '0.00', '0.00', 1, '2018-05-02 07:01:44', '2018-05-21 10:16:00'),
(32, '97411525013394', 257, 68, 1, 1, '13.00', '8.00', '13.00', '14.00', '9.00', '0.00', '0.00', '0.00', '0.00', '0.00', '0.00', '0.00', '0.00', '0.00', '0.00', '57.00', 0, '2018-05-02 07:02:12', '2018-05-02 07:02:12'),
(33, '97411525013394', 241, 68, 1, 1, '0.00', '0.00', '0.00', '4.00', '0.00', '0.00', '0.00', '0.00', '0.00', '0.00', '0.00', '0.00', '0.00', '0.00', '0.00', '4.00', NULL, '2018-05-02 07:02:35', '2018-05-21 11:56:05'),
(34, '97411525013394', 247, 68, 1, 1, '3.00', '2.00', '12.00', '14.00', '10.00', '0.00', '0.00', '0.00', '0.00', '0.00', '0.00', '0.00', '0.00', '0.00', '0.00', '41.00', 0, '2018-05-02 07:02:58', '2018-05-02 07:02:58'),
(35, '97411525013394', 258, 68, 1, 1, '5.00', '7.00', '12.00', '9.00', '13.00', '0.00', '0.00', '0.00', '0.00', '0.00', '0.00', '0.00', '0.00', '0.00', '0.00', '47.00', 0, '2018-05-02 07:03:18', '2018-05-03 09:11:19'),
(36, '97411525013394', 1, 68, 1, 1, '10.00', '9.00', '9.00', '10.00', '13.00', '0.00', '0.00', '0.00', '0.00', '0.00', '0.00', '0.00', '0.00', '0.00', '0.00', '51.00', 0, '2018-05-02 07:03:35', '2018-05-03 09:12:03'),
(37, '97411525013394', 242, 68, 1, 1, '7.00', '11.00', '7.00', '14.00', '11.00', '0.00', '0.00', '0.00', '0.00', '0.00', '0.00', '0.00', '0.00', '0.00', '0.00', '50.00', 0, '2018-05-02 07:03:57', '2018-05-17 08:53:55'),
(38, '97411525013394', 248, 68, 1, 1, '13.00', '11.00', '8.00', '8.00', '12.00', '0.00', '0.00', '0.00', '0.00', '0.00', '0.00', '0.00', '0.00', '0.00', '0.00', '52.00', 0, '2018-05-02 07:04:14', '2018-05-03 09:12:33'),
(39, '97411525013394', 244, 68, 1, 1, '9.00', '11.00', '7.00', '10.00', '14.00', '0.00', '0.00', '0.00', '0.00', '0.00', '0.00', '0.00', '0.00', '0.00', '0.00', '0.00', 0, '2018-05-02 07:05:20', '2018-05-02 07:05:20'),
(40, '97411525013394', 249, 68, 1, 1, '3.00', '11.00', '13.00', '14.00', '9.00', '0.00', '0.00', '0.00', '0.00', '0.00', '0.00', '0.00', '0.00', '0.00', '0.00', '50.00', 0, '2018-05-02 07:05:46', '2018-05-02 07:05:46'),
(41, '97411525013394', 245, 68, 1, 1, '9.00', '9.00', '11.00', '7.00', '10.00', '0.00', '0.00', '0.00', '0.00', '0.00', '0.00', '0.00', '0.00', '0.00', '0.00', '0.00', 0, '2018-05-02 07:06:17', '2018-05-02 07:06:17'),
(42, '97411525013394', 259, 68, 1, 1, '12.00', '5.00', '9.00', '12.00', '10.00', '0.00', '0.00', '0.00', '0.00', '0.00', '0.00', '0.00', '0.00', '0.00', '0.00', '48.00', 0, '2018-05-02 07:11:08', '2018-05-02 07:11:08'),
(43, '97411525013394', 262, 68, 1, 1, '11.00', '14.00', '8.00', '7.00', '11.00', '0.00', '0.00', '0.00', '0.00', '0.00', '0.00', '0.00', '0.00', '0.00', '0.00', '51.00', 0, '2018-05-02 07:11:37', '2018-05-02 07:11:37'),
(44, '97411525013394', 246, 68, 1, 1, '11.00', '12.00', '14.00', '10.00', '8.00', '0.00', '0.00', '0.00', '0.00', '0.00', '0.00', '0.00', '0.00', '0.00', '0.00', '55.00', 0, '2018-05-02 07:12:03', '2018-05-02 07:12:03'),
(45, '97411525013394', 261, 68, 1, 1, '11.00', '9.00', '11.00', '11.00', '9.00', '0.00', '0.00', '0.00', '0.00', '0.00', '0.00', '0.00', '0.00', '0.00', '0.00', '51.00', 0, '2018-05-02 07:12:28', '2018-05-02 07:12:28'),
(46, '97411525013394', 243, 68, 1, 1, '11.00', '12.00', '14.00', '11.00', '9.00', '0.00', '0.00', '0.00', '0.00', '0.00', '0.00', '0.00', '0.00', '0.00', '0.00', '57.00', 0, '2018-05-02 07:12:57', '2018-05-02 07:12:57'),
(47, '97411525013394', 254, 68, 1, 1, '4.00', '12.00', '10.00', '12.00', '9.00', '0.00', '0.00', '0.00', '0.00', '0.00', '0.00', '0.00', '0.00', '0.00', '0.00', '47.00', 0, '2018-05-02 07:13:40', '2018-05-02 07:13:40'),
(48, '97411525013394', 264, 68, 1, 1, '12.00', '9.00', '11.00', '14.00', '10.00', '0.00', '0.00', '0.00', '0.00', '0.00', '0.00', '0.00', '0.00', '0.00', '0.00', '56.00', 0, '2018-05-02 07:14:16', '2018-05-02 07:14:16'),
(49, '97411525013394', 263, 68, 1, 1, '8.00', '10.00', '11.00', '9.00', '8.00', '0.00', '0.00', '0.00', '0.00', '0.00', '0.00', '0.00', '0.00', '0.00', '0.00', '46.00', 0, '2018-05-02 07:28:42', '2018-05-02 07:28:42'),
(50, '97411525013394', 256, 68, 1, 1, '8.00', '9.00', '10.00', '11.00', '14.00', '0.00', '0.00', '0.00', '0.00', '0.00', '0.00', '0.00', '0.00', '0.00', '0.00', '52.00', 0, '2018-05-02 07:29:00', '2018-05-02 07:29:00'),
(51, '97411525013394', 2, 68, 1, 1, '11.00', '10.00', '9.00', '10.00', '12.00', '0.00', '0.00', '0.00', '0.00', '0.00', '0.00', '0.00', '0.00', '0.00', '0.00', '52.00', 0, '2018-05-02 07:29:25', '2018-05-02 07:29:25'),
(52, '97411525013394', 253, 68, 1, 1, '9.00', '11.00', '14.00', '11.00', '10.00', '0.00', '0.00', '0.00', '0.00', '0.00', '0.00', '0.00', '0.00', '0.00', '0.00', '55.00', 0, '2018-05-02 07:29:44', '2018-05-02 07:29:44'),
(53, '97411525013394', 251, 60, 1, 1, '12.00', '10.00', '7.00', '9.00', '7.00', '0.00', '0.00', '0.00', '0.00', '0.00', '0.00', '0.00', '0.00', '0.00', '0.00', '45.00', 0, '2018-05-02 08:21:13', '2018-05-02 08:21:13'),
(54, '97411525013394', 252, 60, 1, 1, '6.00', '9.00', '12.00', '14.00', '12.00', '0.00', '0.00', '0.00', '0.00', '0.00', '0.00', '0.00', '0.00', '0.00', '0.00', '53.00', 0, '2018-05-02 08:21:28', '2018-05-02 08:21:28'),
(55, '97411525013394', 255, 60, 1, 1, '12.00', '14.00', '0.00', '7.00', '9.00', '11.00', '0.00', '0.00', '0.00', '0.00', '0.00', '0.00', '0.00', '0.00', '0.00', '53.00', 1, '2018-05-02 08:21:45', '2018-05-02 08:21:45'),
(56, '97411525013394', 257, 60, 1, 1, '12.00', '14.00', '8.00', '9.00', '0.00', '0.00', '7.00', '0.00', '0.00', '0.00', '0.00', '0.00', '0.00', '0.00', '0.00', '50.00', 0, '2018-05-02 08:22:02', '2018-05-02 08:22:02'),
(57, '97411525013394', 241, 60, 1, 1, '9.00', '11.00', '13.00', '12.00', '6.00', '0.00', '0.00', '0.00', '0.00', '0.00', '0.00', '0.00', '0.00', '0.00', '0.00', '51.00', 0, '2018-05-02 08:22:15', '2018-05-02 08:22:15'),
(58, '97411525013394', 247, 60, 1, 1, '7.00', '6.00', '11.00', '13.00', '12.00', '0.00', '0.00', '0.00', '0.00', '0.00', '0.00', '0.00', '0.00', '0.00', '0.00', '49.00', 0, '2018-05-02 08:22:27', '2018-05-02 08:22:27'),
(59, '97411525013394', 258, 60, 1, 1, '11.00', '2.00', '12.00', '8.00', '13.00', '0.00', '0.00', '0.00', '0.00', '0.00', '0.00', '0.00', '0.00', '0.00', '0.00', '46.00', 0, '2018-05-02 08:22:45', '2018-05-02 08:22:45'),
(60, '97411525013394', 1, 60, 1, 1, '8.00', '7.00', '12.00', '13.00', '14.00', '0.00', '0.00', '0.00', '0.00', '0.00', '0.00', '0.00', '0.00', '0.00', '0.00', '54.00', 0, '2018-05-02 08:23:01', '2018-05-02 08:23:01'),
(61, '97411525013394', 242, 60, 1, 1, '11.00', '13.00', '9.00', '8.00', '0.00', '9.00', '0.00', '0.00', '0.00', '0.00', '0.00', '0.00', '0.00', '0.00', '0.00', '50.00', 0, '2018-05-02 08:23:19', '2018-05-02 08:23:19'),
(62, '97411525013394', 248, 60, 1, 1, '9.00', '11.00', '12.00', '10.00', '9.00', '0.00', '0.00', '0.00', '0.00', '0.00', '0.00', '0.00', '0.00', '0.00', '0.00', '51.00', 0, '2018-05-02 08:23:46', '2018-05-02 08:23:46'),
(63, '97411525013394', 244, 60, 1, 1, '11.00', '8.00', '12.00', '14.00', '9.00', '0.00', '0.00', '0.00', '0.00', '0.00', '0.00', '0.00', '0.00', '0.00', '0.00', '54.00', 0, '2018-05-02 08:24:14', '2018-05-02 08:24:14'),
(64, '97411525013394', 249, 60, 1, 1, '9.00', '9.00', '8.00', '12.00', '12.00', '0.00', '0.00', '0.00', '0.00', '0.00', '0.00', '0.00', '0.00', '0.00', '0.00', '50.00', 0, '2018-05-02 08:24:29', '2018-05-02 08:24:29'),
(65, '97411525013394', 245, 60, 1, 1, '12.00', '11.00', '9.00', '8.00', '12.00', '0.00', '0.00', '0.00', '0.00', '0.00', '0.00', '0.00', '0.00', '0.00', '0.00', '52.00', 0, '2018-05-02 08:24:51', '2018-05-02 08:24:51'),
(66, '97411525013394', 259, 60, 1, 1, '12.00', '9.00', '8.00', '11.00', '12.00', '0.00', '0.00', '0.00', '0.00', '0.00', '0.00', '0.00', '0.00', '0.00', '0.00', '52.00', 0, '2018-05-02 08:25:15', '2018-05-02 08:25:15'),
(67, '97411525013394', 262, 60, 1, 1, '11.00', '12.00', '14.00', '8.00', '7.00', '0.00', '0.00', '0.00', '0.00', '0.00', '0.00', '0.00', '0.00', '0.00', '0.00', '52.00', 0, '2018-05-02 08:25:31', '2018-05-02 08:25:31'),
(68, '97411525013394', 246, 60, 1, 1, '12.00', '9.00', '11.00', '13.00', '10.00', '0.00', '0.00', '0.00', '0.00', '0.00', '0.00', '0.00', '0.00', '0.00', '0.00', '55.00', 0, '2018-05-02 08:26:41', '2018-05-02 08:26:41'),
(69, '97411525013394', 261, 60, 1, 1, '11.00', '12.00', '10.00', '8.00', '9.00', '0.00', '0.00', '0.00', '0.00', '0.00', '0.00', '0.00', '0.00', '0.00', '0.00', '50.00', 0, '2018-05-02 08:27:08', '2018-05-02 08:27:08'),
(70, '97411525013394', 243, 60, 1, 1, '11.00', '12.00', '8.00', '9.00', '14.00', '0.00', '0.00', '0.00', '0.00', '0.00', '0.00', '0.00', '0.00', '0.00', '0.00', '54.00', 0, '2018-05-02 08:27:30', '2018-05-02 08:27:30'),
(71, '97411525013394', 254, 60, 1, 1, '12.00', '9.00', '10.00', '12.00', '8.00', '0.00', '0.00', '0.00', '0.00', '0.00', '0.00', '0.00', '0.00', '0.00', '0.00', '51.00', 0, '2018-05-02 08:27:58', '2018-05-02 08:27:58'),
(72, '97411525013394', 254, 60, 1, 1, '12.00', '9.00', '10.00', '12.00', '8.00', '0.00', '0.00', '0.00', '0.00', '0.00', '0.00', '0.00', '0.00', '0.00', '0.00', '51.00', 0, '2018-05-02 08:27:59', '2018-05-02 08:27:59'),
(73, '97411525013394', 264, 60, 1, 1, '12.00', '13.00', '12.00', '11.00', '8.00', '0.00', '0.00', '0.00', '0.00', '0.00', '0.00', '0.00', '0.00', '0.00', '0.00', '56.00', 0, '2018-05-02 08:28:17', '2018-05-02 08:28:17'),
(74, '97411525013394', 263, 60, 1, 1, '10.00', '11.00', '13.00', '9.00', '8.00', '0.00', '0.00', '0.00', '0.00', '0.00', '0.00', '0.00', '0.00', '0.00', '0.00', '51.00', 0, '2018-05-02 08:28:37', '2018-05-02 08:28:37'),
(75, '97411525013394', 256, 60, 1, 1, '12.00', '8.00', '6.00', '8.00', '6.00', '0.00', '0.00', '0.00', '0.00', '0.00', '0.00', '0.00', '0.00', '0.00', '0.00', '40.00', 0, '2018-05-02 08:29:02', '2018-05-02 08:29:02'),
(76, '97411525013394', 2, 60, 1, 1, '8.00', '9.00', '6.00', '7.00', '8.00', '0.00', '0.00', '0.00', '0.00', '0.00', '0.00', '0.00', '0.00', '0.00', '0.00', '38.00', 0, '2018-05-02 08:29:18', '2018-05-02 08:29:18'),
(77, '97411525013394', 253, 60, 1, 1, '14.00', '12.00', '11.00', '9.00', '8.00', '0.00', '0.00', '0.00', '0.00', '0.00', '0.00', '0.00', '0.00', '0.00', '0.00', '54.00', 0, '2018-05-02 08:29:34', '2018-05-02 08:29:34'),
(78, '28231525013497', 251, 67, 1, 1, '14.00', '12.00', '12.00', '0.00', '0.00', '0.00', '0.00', '0.00', '0.00', '0.00', '0.00', '0.00', '0.00', '0.00', '0.00', '38.00', 0, '2018-05-02 08:51:31', '2018-05-02 08:51:31'),
(79, '58881525013267', 251, 65, 1, 1, '5.00', '4.00', '7.00', '6.00', '7.00', '0.00', '0.00', '0.00', '0.00', '0.00', '0.00', '0.00', '0.00', '0.00', '0.00', '29.00', 0, '2018-05-02 09:21:17', '2018-05-02 09:21:17'),
(80, '58881525013267', 252, 65, 1, 1, '3.00', '0.00', '4.00', '7.00', '6.00', '4.00', '0.00', '0.00', '0.00', '0.00', '0.00', '0.00', '0.00', '0.00', '0.00', '24.00', 0, '2018-05-02 09:23:19', '2018-05-02 09:23:19'),
(81, '58881525013267', 255, 65, 1, 1, '0.00', '7.00', '7.00', '0.00', '6.00', '4.00', '5.00', '0.00', '0.00', '0.00', '0.00', '0.00', '0.00', '0.00', '0.00', '29.00', 1, '2018-05-02 09:23:33', '2018-05-02 09:23:33'),
(82, '58881525013267', 257, 65, 1, 1, '0.00', '0.00', '7.00', '5.00', '7.00', '6.00', '4.00', '0.00', '0.00', '0.00', '0.00', '0.00', '0.00', '0.00', '0.00', '29.00', 0, '2018-05-02 09:23:54', '2018-05-02 09:23:54'),
(83, '58881525013267', 241, 65, 1, 1, '7.00', '7.00', '7.00', '0.00', '6.00', '5.00', '0.00', '0.00', '0.00', '0.00', '0.00', '0.00', '0.00', '0.00', '0.00', '32.00', 0, '2018-05-02 09:24:13', '2018-05-02 09:24:13'),
(84, '58881525013267', 247, 65, 1, 1, '0.00', '7.00', '7.00', '7.00', '5.00', '7.00', '0.00', '0.00', '0.00', '0.00', '0.00', '0.00', '0.00', '0.00', '0.00', '33.00', 0, '2018-05-02 09:24:41', '2018-05-02 09:24:41'),
(85, '58881525013267', 258, 65, 1, 1, '6.00', '7.00', '6.00', '0.00', '7.00', '5.00', '0.00', '0.00', '0.00', '0.00', '0.00', '0.00', '0.00', '0.00', '0.00', '31.00', 0, '2018-05-02 09:25:43', '2018-05-02 09:25:43'),
(86, '58881525013267', 1, 65, 1, 1, '7.00', '7.00', '5.00', '6.00', '0.00', '5.00', '0.00', '0.00', '0.00', '0.00', '0.00', '0.00', '0.00', '0.00', '0.00', '30.00', 0, '2018-05-02 09:26:10', '2018-05-02 09:26:10'),
(87, '58881525013267', 242, 65, 1, 1, '7.00', '7.00', '0.00', '6.00', '5.00', '0.00', '0.00', '0.00', '0.00', '0.00', '0.00', '0.00', '0.00', '0.00', '0.00', '25.00', 0, '2018-05-02 09:26:34', '2018-05-02 09:26:34'),
(88, '58881525013267', 248, 65, 1, 1, '7.00', '7.00', '0.00', '6.00', '0.00', '3.00', '0.00', '0.00', '0.00', '0.00', '0.00', '0.00', '0.00', '0.00', '0.00', '23.00', 0, '2018-05-02 09:27:12', '2018-05-02 09:27:12'),
(89, '58881525013267', 244, 65, 1, 1, '5.00', '5.00', '5.00', '6.00', '7.00', '0.00', '0.00', '0.00', '0.00', '0.00', '0.00', '0.00', '0.00', '0.00', '0.00', '28.00', 0, '2018-05-02 09:27:36', '2018-05-02 09:27:36'),
(90, '58881525013267', 249, 65, 1, 1, '7.00', '0.00', '0.00', '7.00', '4.00', '5.00', '3.00', '0.00', '0.00', '0.00', '0.00', '0.00', '0.00', '0.00', '0.00', '26.00', 0, '2018-05-02 09:28:29', '2018-05-02 09:28:29'),
(91, '58881525013267', 245, 65, 1, 1, '7.00', '5.00', '7.00', '0.00', '7.00', '6.00', '0.00', '0.00', '0.00', '0.00', '0.00', '0.00', '0.00', '0.00', '0.00', '32.00', 0, '2018-05-02 10:00:30', '2018-05-02 10:00:30'),
(92, '58881525013267', 259, 65, 1, 1, '7.00', '7.00', '0.00', '6.00', '5.00', '2.00', '0.00', '0.00', '0.00', '0.00', '0.00', '0.00', '0.00', '0.00', '0.00', '27.00', 0, '2018-05-02 10:00:55', '2018-05-02 10:00:55'),
(93, '58881525013267', 262, 65, 1, 1, '7.00', '7.00', '0.00', '7.00', '0.00', '0.00', '6.00', '0.00', '0.00', '0.00', '0.00', '0.00', '0.00', '0.00', '0.00', '27.00', 0, '2018-05-02 10:02:25', '2018-05-02 10:02:25'),
(94, '58881525013267', 246, 65, 1, 1, '7.00', '0.00', '7.00', '6.00', '7.00', '5.00', '0.00', '0.00', '0.00', '0.00', '0.00', '0.00', '0.00', '0.00', '0.00', '32.00', 0, '2018-05-02 10:02:55', '2018-05-02 10:02:55'),
(95, '58881525013267', 261, 65, 1, 1, '0.00', '0.00', '6.00', '7.00', '5.00', '6.00', '6.00', '0.00', '0.00', '0.00', '0.00', '0.00', '0.00', '0.00', '0.00', '30.00', 0, '2018-05-02 10:03:21', '2018-05-02 10:03:21'),
(96, '58881525013267', 243, 65, 1, 1, '7.00', '7.00', '0.00', '4.00', '3.00', '6.00', '0.00', '0.00', '0.00', '0.00', '0.00', '0.00', '0.00', '0.00', '0.00', '27.00', 0, '2018-05-02 10:03:45', '2018-05-02 10:03:45'),
(97, '58881525013267', 254, 65, 1, 1, '5.00', '6.00', '0.00', '7.00', '4.00', '3.00', '0.00', '0.00', '0.00', '0.00', '0.00', '0.00', '0.00', '0.00', '0.00', '25.00', 0, '2018-05-02 10:04:27', '2018-05-02 10:04:27'),
(98, '58881525013267', 264, 65, 1, 1, '7.00', '0.00', '0.00', '7.00', '0.00', '0.00', '7.00', '0.00', '0.00', '0.00', '0.00', '0.00', '0.00', '0.00', '0.00', '21.00', 0, '2018-05-02 10:05:04', '2018-05-02 10:05:04'),
(99, '58881525013267', 263, 65, 1, 1, '7.00', '7.00', '0.00', '6.00', '5.00', '0.00', '7.00', '0.00', '0.00', '0.00', '0.00', '0.00', '0.00', '0.00', '0.00', '32.00', 0, '2018-05-02 10:05:27', '2018-05-02 10:05:27'),
(100, '58881525013267', 256, 65, 1, 1, '6.00', '5.00', '0.00', '4.00', '7.00', '5.00', '0.00', '0.00', '0.00', '0.00', '0.00', '0.00', '0.00', '0.00', '0.00', '27.00', 0, '2018-05-02 10:06:12', '2018-05-02 10:06:12'),
(101, '58881525013267', 2, 65, 1, 1, '5.00', '5.00', '0.00', '6.00', '7.00', '3.00', '0.00', '0.00', '0.00', '0.00', '0.00', '0.00', '0.00', '0.00', '0.00', '26.00', 0, '2018-05-02 10:06:47', '2018-05-02 10:06:47'),
(102, '58881525013267', 253, 65, 1, 1, '0.00', '6.00', '6.00', '0.00', '5.00', '3.00', '0.00', '0.00', '0.00', '0.00', '0.00', '0.00', '0.00', '0.00', '0.00', '20.00', 0, '2018-05-02 10:07:31', '2018-05-02 10:07:31'),
(103, '28231525013497', 252, 67, 1, 1, '4.00', '3.00', '7.00', '6.00', '7.00', '0.00', '0.00', '0.00', '0.00', '0.00', '0.00', '0.00', '0.00', '0.00', '0.00', '27.00', 0, '2018-05-02 11:26:51', '2018-05-02 11:26:51'),
(104, '28231525013497', 255, 67, 1, 1, '4.00', '5.00', '3.00', '7.00', '6.00', '0.00', '0.00', '0.00', '0.00', '0.00', '0.00', '0.00', '0.00', '0.00', '0.00', '25.00', 1, '2018-05-02 11:27:04', '2018-05-02 11:27:04'),
(105, '28231525013497', 257, 67, 1, 1, '2.00', '3.00', '7.00', '6.00', '5.00', '0.00', '0.00', '0.00', '0.00', '0.00', '0.00', '0.00', '0.00', '0.00', '0.00', '23.00', 0, '2018-05-02 11:27:16', '2018-05-02 11:27:16'),
(106, '28231525013497', 241, 67, 1, 1, '7.00', '6.00', '6.00', '5.00', '6.00', '0.00', '0.00', '0.00', '0.00', '0.00', '0.00', '0.00', '0.00', '0.00', '0.00', '30.00', 0, '2018-05-02 11:27:28', '2018-05-02 11:27:28'),
(107, '28231525013497', 247, 67, 1, 1, '4.00', '5.00', '4.00', '6.00', '7.00', '0.00', '0.00', '0.00', '0.00', '0.00', '0.00', '0.00', '0.00', '0.00', '0.00', '26.00', 0, '2018-05-02 11:27:43', '2018-05-02 11:27:43'),
(108, '28231525013497', 258, 67, 1, 1, '3.00', '4.00', '3.00', '4.00', '3.00', '0.00', '0.00', '0.00', '0.00', '0.00', '0.00', '0.00', '0.00', '0.00', '0.00', '17.00', 0, '2018-05-02 11:27:53', '2018-05-02 11:27:53'),
(109, '28231525013497', 1, 67, 1, 1, '5.00', '5.00', '4.00', '6.00', '7.00', '0.00', '0.00', '0.00', '0.00', '0.00', '0.00', '0.00', '0.00', '0.00', '0.00', '27.00', 0, '2018-05-02 11:28:05', '2018-05-02 11:28:05'),
(110, '28231525013497', 242, 67, 1, 1, '6.00', '5.00', '4.00', '5.00', '4.00', '0.00', '0.00', '0.00', '0.00', '0.00', '0.00', '0.00', '0.00', '0.00', '0.00', '24.00', 0, '2018-05-02 11:28:16', '2018-05-02 11:28:16'),
(111, '28231525013497', 248, 67, 1, 1, '3.00', '4.00', '3.00', '5.00', '6.00', '0.00', '0.00', '0.00', '0.00', '0.00', '0.00', '0.00', '0.00', '0.00', '0.00', '21.00', 0, '2018-05-02 11:28:32', '2018-05-02 11:28:32'),
(112, '28231525013497', 244, 67, 1, 1, '4.00', '3.00', '5.00', '4.00', '6.00', '0.00', '0.00', '0.00', '0.00', '0.00', '0.00', '0.00', '0.00', '0.00', '0.00', '22.00', 0, '2018-05-02 11:28:47', '2018-05-02 11:28:47'),
(113, '28231525013497', 249, 67, 1, 1, '5.00', '4.00', '6.00', '5.00', '4.00', '0.00', '0.00', '0.00', '0.00', '0.00', '0.00', '0.00', '0.00', '0.00', '0.00', '24.00', 0, '2018-05-02 11:28:59', '2018-05-02 11:28:59'),
(114, '28231525013497', 245, 67, 1, 1, '5.00', '4.00', '5.00', '4.00', '3.00', '0.00', '0.00', '0.00', '0.00', '0.00', '0.00', '0.00', '0.00', '0.00', '0.00', '21.00', 0, '2018-05-02 11:29:17', '2018-05-02 11:29:17'),
(115, '28231525013497', 259, 67, 1, 1, '4.00', '3.00', '4.00', '5.00', '4.00', '0.00', '0.00', '0.00', '0.00', '0.00', '0.00', '0.00', '0.00', '0.00', '0.00', '20.00', 0, '2018-05-02 11:29:29', '2018-05-02 11:29:29'),
(116, '28231525013497', 262, 67, 1, 1, '6.00', '5.00', '4.00', '5.00', '4.00', '0.00', '0.00', '0.00', '0.00', '0.00', '0.00', '0.00', '0.00', '0.00', '0.00', '24.00', 0, '2018-05-02 11:29:44', '2018-05-02 11:29:44'),
(117, '28231525013497', 246, 67, 1, 1, '6.00', '5.00', '7.00', '6.00', '5.00', '0.00', '0.00', '0.00', '0.00', '0.00', '0.00', '0.00', '0.00', '0.00', '0.00', '29.00', 0, '2018-05-02 11:29:59', '2018-05-02 11:29:59'),
(118, '28231525013497', 261, 67, 1, 1, '7.00', '4.00', '5.00', '4.00', '5.00', '0.00', '0.00', '0.00', '0.00', '0.00', '0.00', '0.00', '0.00', '0.00', '0.00', '25.00', 0, '2018-05-02 11:30:10', '2018-05-02 11:30:10'),
(119, '28231525013497', 243, 67, 1, 1, '4.00', '5.00', '6.00', '5.00', '6.00', '0.00', '0.00', '0.00', '0.00', '0.00', '0.00', '0.00', '0.00', '0.00', '0.00', '26.00', 0, '2018-05-02 11:30:21', '2018-05-02 11:30:21'),
(120, '28231525013497', 254, 67, 1, 1, '4.00', '5.00', '4.00', '5.00', '6.00', '0.00', '0.00', '0.00', '0.00', '0.00', '0.00', '0.00', '0.00', '0.00', '0.00', '24.00', 0, '2018-05-02 11:30:33', '2018-05-02 11:30:33'),
(121, '28231525013497', 264, 67, 1, 1, '6.00', '5.00', '4.00', '4.00', '4.00', '0.00', '0.00', '0.00', '0.00', '0.00', '0.00', '0.00', '0.00', '0.00', '0.00', '23.00', 0, '2018-05-02 11:30:49', '2018-05-02 11:30:49'),
(122, '28231525013497', 263, 67, 1, 1, '3.00', '4.00', '3.00', '5.00', '4.00', '0.00', '0.00', '0.00', '0.00', '0.00', '0.00', '0.00', '0.00', '0.00', '0.00', '19.00', 0, '2018-05-02 11:31:01', '2018-05-02 11:31:01'),
(123, '28231525013497', 256, 67, 1, 1, '5.00', '4.00', '6.00', '5.00', '4.00', '0.00', '0.00', '0.00', '0.00', '0.00', '0.00', '0.00', '0.00', '0.00', '0.00', '24.00', 0, '2018-05-02 11:31:12', '2018-05-02 11:31:12'),
(124, '28231525013497', 2, 67, 1, 1, '6.00', '5.00', '4.00', '6.00', '4.00', '0.00', '0.00', '0.00', '0.00', '0.00', '0.00', '0.00', '0.00', '0.00', '0.00', '25.00', 0, '2018-05-02 11:31:23', '2018-05-02 11:31:23'),
(125, '28231525013497', 253, 67, 1, 1, '4.00', '5.00', '6.00', '7.00', '5.00', '0.00', '0.00', '0.00', '0.00', '0.00', '0.00', '0.00', '0.00', '0.00', '0.00', '27.00', 0, '2018-05-02 11:31:39', '2018-05-02 11:31:39'),
(126, '56411525013076', 251, 66, 1, 1, '10.00', '9.00', '11.00', '11.00', '9.00', '0.00', '0.00', '0.00', '0.00', '0.00', '0.00', '0.00', '0.00', '0.00', '0.00', '50.00', 0, '2018-05-02 11:42:55', '2018-05-02 11:42:55'),
(127, '56411525013076', 252, 66, 1, 1, '10.00', '11.00', '8.00', '9.00', '5.00', '0.00', '0.00', '0.00', '0.00', '0.00', '0.00', '0.00', '0.00', '0.00', '0.00', '43.00', 0, '2018-05-02 11:43:09', '2018-05-02 11:43:09'),
(128, '56411525013076', 255, 66, 1, 1, '14.00', '11.00', '13.00', '10.00', '9.00', '0.00', '0.00', '0.00', '0.00', '0.00', '0.00', '0.00', '0.00', '0.00', '0.00', '57.00', 1, '2018-05-17 08:25:56', '2018-05-17 08:25:56'),
(129, '56411525013076', 257, 66, 1, 1, '0.00', '0.00', '14.00', '11.00', '14.00', '10.00', '9.00', '0.00', '0.00', '0.00', '0.00', '0.00', '0.00', '0.00', '0.00', '58.00', 0, '2018-05-17 08:26:31', '2018-05-17 08:26:31'),
(130, '56411525013076', 241, 66, 1, 1, '0.00', '12.00', '12.00', '0.00', '12.00', '14.00', '13.00', '0.00', '0.00', '0.00', '0.00', '0.00', '0.00', '0.00', '0.00', '63.00', 0, '2018-05-17 08:26:58', '2018-05-17 08:26:58'),
(131, '56411525013076', 247, 66, 1, 1, '12.00', '12.00', '14.00', '12.00', '13.00', '0.00', '0.00', '0.00', '0.00', '0.00', '0.00', '0.00', '0.00', '0.00', '0.00', '63.00', 0, '2018-05-17 08:27:27', '2018-05-17 08:27:27'),
(132, '56411525013076', 258, 66, 1, 1, '14.00', '13.00', '10.00', '10.00', '12.00', '0.00', '0.00', '0.00', '0.00', '0.00', '0.00', '0.00', '0.00', '0.00', '0.00', '59.00', 0, '2018-05-17 08:27:49', '2018-05-17 08:27:49'),
(133, '56411525013076', 1, 66, 1, 1, '0.00', '10.00', '12.00', '9.00', '0.00', '14.00', '8.00', '0.00', '0.00', '0.00', '0.00', '0.00', '0.00', '0.00', '0.00', '53.00', 0, '2018-05-17 08:28:16', '2018-05-17 08:28:16'),
(134, '56411525013076', 242, 66, 1, 1, '0.00', '14.00', '0.00', '14.00', '0.00', '10.00', '8.00', '0.00', '0.00', '0.00', '0.00', '0.00', '0.00', '0.00', '0.00', '46.00', 0, '2018-05-17 08:28:29', '2018-05-17 08:28:29'),
(135, '56411525013076', 248, 66, 1, 1, '14.00', '0.00', '8.00', '0.00', '10.00', '0.00', '14.00', '0.00', '0.00', '0.00', '0.00', '0.00', '0.00', '0.00', '0.00', '46.00', 0, '2018-05-17 08:28:54', '2018-05-17 08:28:54'),
(136, '56411525013076', 244, 66, 1, 1, '0.00', '10.00', '10.00', '10.00', '10.00', '0.00', '7.00', '0.00', '0.00', '0.00', '0.00', '0.00', '0.00', '0.00', '0.00', '47.00', 0, '2018-05-17 08:30:32', '2018-05-17 08:30:32'),
(137, '56411525013076', 249, 66, 1, 1, '9.00', '10.00', '0.00', '11.00', '8.00', '10.00', '0.00', '0.00', '0.00', '0.00', '0.00', '0.00', '0.00', '0.00', '0.00', '48.00', 0, '2018-05-17 08:30:59', '2018-05-17 08:30:59'),
(138, '56411525013076', 245, 66, 1, 1, '10.00', '10.00', '10.00', '12.00', '10.00', '0.00', '0.00', '0.00', '0.00', '0.00', '0.00', '0.00', '0.00', '0.00', '0.00', '52.00', 0, '2018-05-17 08:31:26', '2018-05-17 08:31:26'),
(139, '56411525013076', 259, 66, 1, 1, '0.00', '11.00', '8.00', '10.00', '9.00', '7.00', '0.00', '0.00', '0.00', '0.00', '0.00', '0.00', '0.00', '0.00', '0.00', '45.00', 0, '2018-05-17 08:32:03', '2018-05-17 08:32:03'),
(140, '56411525013076', 262, 66, 1, 1, '0.00', '14.00', '8.00', '7.00', '10.00', '7.00', '0.00', '0.00', '0.00', '0.00', '0.00', '0.00', '0.00', '0.00', '0.00', '46.00', 0, '2018-05-17 08:32:26', '2018-05-17 08:32:26'),
(141, '56411525013076', 246, 66, 1, 1, '13.00', '0.00', '10.00', '10.00', '12.00', '7.00', '0.00', '0.00', '0.00', '0.00', '0.00', '0.00', '0.00', '0.00', '0.00', '52.00', 0, '2018-05-17 08:33:14', '2018-05-17 08:33:14'),
(142, '56411525013076', 261, 66, 1, 1, '10.00', '10.00', '9.00', '11.00', '0.00', '0.00', '8.00', '0.00', '0.00', '0.00', '0.00', '0.00', '0.00', '0.00', '0.00', '48.00', 0, '2018-05-17 08:33:43', '2018-05-17 08:33:43'),
(143, '56411525013076', 243, 66, 1, 1, '0.00', '0.00', '10.00', '10.00', '10.00', '12.00', '9.00', '0.00', '0.00', '0.00', '0.00', '0.00', '0.00', '0.00', '0.00', '51.00', 0, '2018-05-17 08:34:09', '2018-05-17 08:34:09'),
(144, '56411525013076', 254, 66, 1, 1, '8.00', '0.00', '6.00', '10.00', '9.00', '0.00', '10.00', '0.00', '0.00', '0.00', '0.00', '0.00', '0.00', '0.00', '0.00', '43.00', 0, '2018-05-17 08:35:03', '2018-05-17 08:35:03'),
(145, '56411525013076', 264, 66, 1, 1, '0.00', '8.00', '7.00', '12.00', '10.00', '5.00', '0.00', '0.00', '0.00', '0.00', '0.00', '0.00', '0.00', '0.00', '0.00', '42.00', 0, '2018-05-17 08:36:20', '2018-05-17 08:36:20'),
(146, '56411525013076', 263, 66, 1, 1, '12.00', '0.00', '10.00', '0.00', '13.00', '9.00', '11.00', '0.00', '0.00', '0.00', '0.00', '0.00', '0.00', '0.00', '0.00', '55.00', 0, '2018-05-17 08:39:20', '2018-05-17 08:39:20'),
(147, '56411525013076', 263, 66, 1, 1, '12.00', '0.00', '10.00', '0.00', '13.00', '9.00', '11.00', '0.00', '0.00', '0.00', '0.00', '0.00', '0.00', '0.00', '0.00', '55.00', 0, '2018-05-17 08:39:20', '2018-05-17 08:39:20'),
(148, '56411525013076', 256, 66, 1, 1, '8.00', '7.00', '10.00', '9.00', '10.00', '0.00', '0.00', '0.00', '0.00', '0.00', '0.00', '0.00', '0.00', '0.00', '0.00', '44.00', 0, '2018-05-17 08:40:41', '2018-05-17 08:40:41'),
(149, '56411525013076', 2, 66, 1, 1, '10.00', '10.00', '10.00', '0.00', '10.00', '4.00', '0.00', '0.00', '0.00', '0.00', '0.00', '0.00', '0.00', '0.00', '0.00', '44.00', 0, '2018-05-17 08:42:01', '2018-05-17 08:42:01'),
(150, '56411525013076', 253, 66, 1, 1, '12.00', '10.00', '10.00', '8.00', '0.00', '10.00', '0.00', '0.00', '0.00', '0.00', '0.00', '0.00', '0.00', '0.00', '0.00', '50.00', 0, '2018-05-17 08:42:59', '2018-05-17 08:42:59'),
(151, '97411525013394', 251, 70, 1, 1, '0.00', '0.00', '0.00', '0.00', '0.00', '0.00', '0.00', '0.00', '0.00', '0.00', '0.00', '0.00', '0.00', '0.00', '0.00', '20.00', 0, '2018-05-17 09:14:15', '2018-05-23 09:44:50'),
(152, '97411525013394', 252, 70, 1, 1, '0.00', '0.00', '0.00', '0.00', '0.00', '0.00', '0.00', '0.00', '0.00', '0.00', '0.00', '0.00', '0.00', '0.00', '0.00', '21.00', 0, '2018-05-17 09:14:22', '2018-05-23 09:45:30'),
(153, '97411525013394', 255, 70, 1, 1, '5.00', '0.00', '0.00', '0.00', '0.00', '0.00', '0.00', '0.00', '0.00', '0.00', '0.00', '0.00', '0.00', '0.00', '0.00', '5.00', 1, '2018-05-17 09:14:29', '2018-05-17 09:14:29'),
(154, '97411525013394', 257, 70, 1, 1, '0.00', '0.00', '0.00', '0.00', '0.00', '0.00', '0.00', '0.00', '0.00', '0.00', '0.00', '0.00', '0.00', '0.00', '0.00', '23.00', 0, '2018-05-17 09:14:57', '2018-05-23 09:45:50'),
(155, '97411525013394', 241, 70, 1, 1, '0.00', '0.00', '0.00', '0.00', '0.00', '0.00', '0.00', '0.00', '0.00', '0.00', '0.00', '0.00', '0.00', '0.00', '0.00', '24.00', 0, '2018-05-17 09:15:04', '2018-05-23 09:45:59'),
(156, '97411525013394', 247, 70, 1, 1, '0.00', '0.00', '0.00', '0.00', '0.00', '0.00', '0.00', '0.00', '0.00', '0.00', '0.00', '0.00', '0.00', '0.00', '0.00', '25.00', 0, '2018-05-17 09:15:12', '2018-05-23 09:46:11'),
(157, '97411525013394', 258, 70, 1, 1, '0.00', '0.00', '0.00', '0.00', '0.00', '0.00', '0.00', '0.00', '0.00', '0.00', '0.00', '0.00', '0.00', '0.00', '0.00', '15.00', 0, '2018-05-17 09:15:24', '2018-05-23 09:46:19'),
(158, '97411525013394', 1, 70, 1, 1, '0.00', '0.00', '0.00', '0.00', '0.00', '0.00', '0.00', '0.00', '0.00', '0.00', '0.00', '0.00', '0.00', '0.00', '0.00', '20.00', 0, '2018-05-17 09:15:34', '2018-05-23 09:46:35'),
(159, '97411525013394', 242, 70, 1, 1, '0.00', '0.00', '0.00', '0.00', '0.00', '0.00', '0.00', '0.00', '0.00', '0.00', '0.00', '0.00', '0.00', '0.00', '0.00', '19.00', 0, '2018-05-17 09:15:46', '2018-05-23 09:46:44'),
(160, '97411525013394', 248, 70, 1, 1, '14.00', '0.00', '0.00', '0.00', '0.00', '0.00', '0.00', '0.00', '0.00', '0.00', '0.00', '0.00', '0.00', '0.00', '0.00', '14.00', 0, '2018-05-17 09:15:52', '2018-05-17 09:15:52'),
(161, '97411525013394', 244, 70, 1, 1, '0.00', '0.00', '0.00', '0.00', '0.00', '0.00', '0.00', '0.00', '0.00', '0.00', '0.00', '0.00', '0.00', '0.00', '0.00', '16.00', 0, '2018-05-17 09:16:08', '2018-05-23 09:46:58'),
(162, '97411525013394', 249, 70, 1, 1, '0.00', '0.00', '0.00', '0.00', '0.00', '0.00', '0.00', '0.00', '0.00', '0.00', '0.00', '0.00', '0.00', '0.00', '0.00', '17.00', 0, '2018-05-17 09:16:42', '2018-05-23 09:47:09'),
(163, '97411525013394', 245, 70, 1, 1, '0.00', '0.00', '0.00', '0.00', '0.00', '0.00', '0.00', '0.00', '0.00', '0.00', '0.00', '0.00', '0.00', '0.00', '0.00', '18.00', 0, '2018-05-17 09:16:50', '2018-05-23 09:47:21'),
(164, '97411525013394', 259, 70, 1, 1, '0.00', '0.00', '0.00', '0.00', '0.00', '0.00', '0.00', '0.00', '0.00', '0.00', '0.00', '0.00', '0.00', '0.00', '0.00', '19.00', 0, '2018-05-17 09:16:55', '2018-05-23 09:47:31'),
(165, '97411525013394', 262, 70, 1, 1, '13.00', '0.00', '0.00', '0.00', '0.00', '0.00', '0.00', '0.00', '0.00', '0.00', '0.00', '0.00', '0.00', '0.00', '0.00', '13.00', 0, '2018-05-17 09:17:02', '2018-05-17 09:17:02'),
(166, '97411525013394', 246, 70, 1, 1, '6.00', '0.00', '0.00', '0.00', '0.00', '0.00', '0.00', '0.00', '0.00', '0.00', '0.00', '0.00', '0.00', '0.00', '0.00', '6.00', 0, '2018-05-17 09:17:10', '2018-05-17 09:17:10'),
(167, '97411525013394', 261, 70, 1, 1, '5.00', '0.00', '0.00', '0.00', '0.00', '0.00', '0.00', '0.00', '0.00', '0.00', '0.00', '0.00', '0.00', '0.00', '0.00', '5.00', 0, '2018-05-17 09:17:16', '2018-05-17 09:17:16'),
(168, '97411525013394', 243, 70, 1, 1, '0.00', '0.00', '0.00', '0.00', '0.00', '0.00', '0.00', '0.00', '0.00', '0.00', '0.00', '0.00', '0.00', '0.00', '0.00', '17.00', 0, '2018-05-17 09:17:25', '2018-05-23 09:47:42'),
(169, '97411525013394', 254, 70, 1, 1, '10.00', '0.00', '0.00', '0.00', '0.00', '0.00', '0.00', '0.00', '0.00', '0.00', '0.00', '0.00', '0.00', '0.00', '0.00', '10.00', 0, '2018-05-17 09:17:34', '2018-05-17 09:17:34'),
(170, '97411525013394', 264, 70, 1, 1, '0.00', '0.00', '0.00', '0.00', '0.00', '0.00', '0.00', '0.00', '0.00', '0.00', '0.00', '0.00', '0.00', '0.00', '0.00', '20.00', 0, '2018-05-17 09:17:44', '2018-05-23 09:47:53'),
(171, '97411525013394', 263, 70, 1, 1, '10.00', '0.00', '0.00', '0.00', '0.00', '0.00', '0.00', '0.00', '0.00', '0.00', '0.00', '0.00', '0.00', '0.00', '0.00', '10.00', 0, '2018-05-17 09:18:02', '2018-05-17 09:18:02'),
(172, '97411525013394', 256, 70, 1, 1, '11.00', '0.00', '0.00', '0.00', '0.00', '0.00', '0.00', '0.00', '0.00', '0.00', '0.00', '0.00', '0.00', '0.00', '0.00', '11.00', 0, '2018-05-17 09:18:08', '2018-05-17 09:18:08'),
(173, '97411525013394', 2, 70, 1, 1, '0.00', '0.00', '0.00', '0.00', '0.00', '0.00', '0.00', '0.00', '0.00', '0.00', '0.00', '0.00', '0.00', '0.00', '0.00', '14.00', 0, '2018-05-17 09:18:14', '2018-05-23 09:48:04'),
(174, '97411525013394', 253, 70, 1, 1, '12.00', '0.00', '0.00', '0.00', '0.00', '0.00', '0.00', '0.00', '0.00', '0.00', '0.00', '0.00', '0.00', '0.00', '0.00', '12.00', 0, '2018-05-17 09:18:21', '2018-05-17 09:18:21'),
(175, '82891525013156', 251, 69, 1, 1, '9.00', '0.00', '10.00', '0.00', '5.00', '12.00', '10.00', '0.00', '0.00', '0.00', '0.00', '0.00', '0.00', '0.00', '0.00', '46.00', 0, '2018-05-17 10:02:05', '2018-05-17 10:02:05'),
(176, '82891525013156', 252, 69, 1, 1, '10.00', '0.00', '10.00', '0.00', '12.00', '0.00', '3.00', '0.00', '0.00', '0.00', '0.00', '0.00', '0.00', '0.00', '0.00', '35.00', 0, '2018-05-17 10:02:22', '2018-05-17 10:02:22'),
(177, '82891525013156', 255, 69, 1, 1, '12.00', '10.00', '9.00', '0.00', '5.00', '8.00', '0.00', '0.00', '0.00', '0.00', '0.00', '0.00', '0.00', '0.00', '0.00', '44.00', 1, '2018-05-17 10:02:41', '2018-05-17 10:02:41'),
(178, '82891525013156', 257, 69, 1, 1, '10.00', '0.00', '0.00', '8.00', '12.00', '9.00', '10.00', '0.00', '0.00', '0.00', '0.00', '0.00', '0.00', '0.00', '0.00', '49.00', 0, '2018-05-17 10:03:26', '2018-05-17 10:03:26'),
(179, '82891525013156', 241, 69, 1, 1, '10.00', '9.00', '7.00', '12.00', '9.00', '0.00', '0.00', '0.00', '0.00', '0.00', '0.00', '0.00', '0.00', '0.00', '0.00', '47.00', 0, '2018-05-17 10:04:11', '2018-05-17 10:04:11'),
(180, '82891525013156', 247, 69, 1, 1, '0.00', '0.00', '10.00', '10.00', '10.00', '10.00', '12.00', '0.00', '0.00', '0.00', '0.00', '0.00', '0.00', '0.00', '0.00', '52.00', 0, '2018-05-17 10:04:23', '2018-05-17 10:04:23'),
(181, '82891525013156', 258, 69, 1, 1, '8.00', '12.00', '8.00', '7.00', '9.00', '0.00', '0.00', '0.00', '0.00', '0.00', '0.00', '0.00', '0.00', '0.00', '0.00', '44.00', 0, '2018-05-17 10:04:44', '2018-05-17 10:04:44'),
(182, '82891525013156', 1, 69, 1, 1, '13.00', '10.00', '8.00', '5.00', '12.00', '0.00', '0.00', '0.00', '0.00', '0.00', '0.00', '0.00', '0.00', '0.00', '0.00', '48.00', 0, '2018-05-17 10:05:02', '2018-05-17 10:05:02'),
(183, '82891525013156', 242, 69, 1, 1, '5.00', '6.00', '10.00', '8.00', '12.00', '0.00', '0.00', '0.00', '0.00', '0.00', '0.00', '0.00', '0.00', '0.00', '0.00', '41.00', 0, '2018-05-17 14:11:46', '2018-05-17 14:11:46'),
(184, '82891525013156', 248, 69, 1, 1, '8.00', '0.00', '7.00', '6.00', '12.00', '11.00', '0.00', '0.00', '0.00', '0.00', '0.00', '0.00', '0.00', '0.00', '0.00', '44.00', 0, '2018-05-17 14:12:05', '2018-05-17 14:12:05'),
(185, '82891525013156', 244, 69, 1, 1, '12.00', '0.00', '10.00', '0.00', '10.00', '6.00', '8.00', '0.00', '0.00', '0.00', '0.00', '0.00', '0.00', '0.00', '0.00', '46.00', 0, '2018-05-17 14:12:30', '2018-05-17 14:12:30'),
(186, '82891525013156', 249, 69, 1, 1, '13.00', '0.00', '12.00', '0.00', '11.00', '8.00', '10.00', '0.00', '0.00', '0.00', '0.00', '0.00', '0.00', '0.00', '0.00', '54.00', 0, '2018-05-17 14:12:48', '2018-05-17 14:12:48'),
(187, '82891525013156', 245, 69, 1, 1, '12.00', '0.00', '12.00', '0.00', '10.00', '10.00', '6.00', '0.00', '0.00', '0.00', '0.00', '0.00', '0.00', '0.00', '0.00', '50.00', 0, '2018-05-17 14:13:27', '2018-05-17 14:13:27'),
(188, '82891525013156', 259, 69, 1, 1, '8.00', '7.00', '0.00', '10.00', '0.00', '12.00', '9.00', '0.00', '0.00', '0.00', '0.00', '0.00', '0.00', '0.00', '0.00', '46.00', 0, '2018-05-17 14:13:47', '2018-05-17 14:13:47'),
(189, '82891525013156', 262, 69, 1, 1, '10.00', '10.00', '0.00', '8.00', '8.00', '0.00', '0.00', '0.00', '0.00', '0.00', '0.00', '0.00', '0.00', '0.00', '0.00', '36.00', 0, '2018-05-17 14:14:08', '2018-05-17 14:14:08'),
(190, '82891525013156', 246, 69, 1, 1, '12.00', '12.00', '12.00', '12.00', '12.00', '0.00', '0.00', '0.00', '0.00', '0.00', '0.00', '0.00', '0.00', '0.00', '0.00', '60.00', 0, '2018-05-17 14:14:29', '2018-05-17 14:14:29'),
(191, '82891525013156', 261, 69, 1, 1, '8.00', '8.00', '10.00', '13.00', '5.00', '0.00', '0.00', '0.00', '0.00', '0.00', '0.00', '0.00', '0.00', '0.00', '0.00', '44.00', 0, '2018-05-17 14:14:46', '2018-05-17 14:14:46'),
(192, '82891525013156', 243, 69, 1, 1, '5.00', '10.00', '12.00', '0.00', '8.00', '10.00', '0.00', '0.00', '0.00', '0.00', '0.00', '0.00', '0.00', '0.00', '0.00', '45.00', 0, '2018-05-17 14:15:22', '2018-05-17 14:15:22'),
(193, '82891525013156', 254, 69, 1, 1, '0.00', '9.00', '10.00', '9.00', '12.00', '11.00', '0.00', '0.00', '0.00', '0.00', '0.00', '0.00', '0.00', '0.00', '0.00', '51.00', 0, '2018-05-17 14:15:41', '2018-05-17 14:15:41'),
(194, '82891525013156', 264, 69, 1, 1, '9.00', '11.00', '6.00', '0.00', '6.00', '10.00', '0.00', '0.00', '0.00', '0.00', '0.00', '0.00', '0.00', '0.00', '0.00', '42.00', 0, '2018-05-17 14:16:14', '2018-05-17 14:16:14'),
(195, '82891525013156', 253, 69, 1, 1, '0.00', '0.00', '7.00', '7.00', '12.00', '10.00', '9.00', '0.00', '0.00', '0.00', '0.00', '0.00', '0.00', '0.00', '0.00', '45.00', 0, '2018-05-17 14:16:56', '2018-05-17 14:16:56'),
(196, '82891525013156', 263, 69, 1, 1, '0.00', '0.00', '10.00', '12.00', '13.00', '10.00', '7.00', '0.00', '0.00', '0.00', '0.00', '0.00', '0.00', '0.00', '0.00', '52.00', 0, '2018-05-17 14:17:27', '2018-05-17 14:17:27'),
(197, '82891525013156', 256, 69, 1, 1, '8.00', '0.00', '10.00', '0.00', '7.00', '12.00', '0.00', '0.00', '0.00', '0.00', '0.00', '0.00', '0.00', '0.00', '0.00', '37.00', 0, '2018-05-17 14:18:01', '2018-05-17 14:18:01'),
(198, '82891525013156', 2, 69, 1, 1, '9.00', '0.00', '12.00', '10.00', '10.00', '0.00', '5.00', '0.00', '0.00', '0.00', '0.00', '0.00', '0.00', '0.00', '0.00', '46.00', 0, '2018-05-17 14:18:22', '2018-05-17 14:18:22');

-- --------------------------------------------------------

--
-- Table structure for table `internal_thirty_percent_marks`
--

CREATE TABLE `internal_thirty_percent_marks` (
  `id` int(10) UNSIGNED NOT NULL,
  `teacher_id` varchar(15) COLLATE utf8mb4_unicode_ci NOT NULL,
  `student_id` int(10) UNSIGNED NOT NULL,
  `course_id` int(10) UNSIGNED NOT NULL,
  `exam_time_id` int(10) UNSIGNED NOT NULL,
  `semester_id` int(10) UNSIGNED NOT NULL,
  `tutorial_1` decimal(4,2) NOT NULL,
  `tutorial_2` decimal(4,2) NOT NULL,
  `tutorial_3` decimal(4,2) NOT NULL,
  `prefer_tutorial_id` tinyint(4) NOT NULL,
  `prefer_tutorial` decimal(4,2) NOT NULL,
  `mid_term` decimal(4,2) NOT NULL,
  `attendance` decimal(4,2) NOT NULL,
  `total` decimal(4,2) NOT NULL,
  `created_at` timestamp NULL DEFAULT NULL,
  `updated_at` timestamp NULL DEFAULT NULL
) ENGINE=InnoDB DEFAULT CHARSET=utf8mb4 COLLATE=utf8mb4_unicode_ci;

--
-- Dumping data for table `internal_thirty_percent_marks`
--

INSERT INTO `internal_thirty_percent_marks` (`id`, `teacher_id`, `student_id`, `course_id`, `exam_time_id`, `semester_id`, `tutorial_1`, `tutorial_2`, `tutorial_3`, `prefer_tutorial_id`, `prefer_tutorial`, `mid_term`, `attendance`, `total`, `created_at`, `updated_at`) VALUES
(2, '30401515598319', 247, 1, 1, 1, '10.00', '0.00', '0.00', 1, '10.00', '10.00', '10.00', '30.00', '2018-04-11 04:01:56', '2018-04-11 04:01:56'),
(3, '30401515598319', 251, 1, 1, 1, '8.00', '9.00', '9.00', 3, '9.00', '8.00', '7.00', '24.00', '2018-04-22 07:28:58', '2018-04-22 07:28:58'),
(4, '30401515598319', 241, 1, 1, 1, '8.00', '8.00', '8.00', 1, '8.00', '8.00', '8.00', '24.00', '2018-04-22 07:29:43', '2018-04-22 07:29:43'),
(5, '30401515598319', 257, 1, 1, 1, '7.00', '7.00', '7.00', 1, '7.00', '7.00', '7.00', '21.00', '2018-04-22 07:31:53', '2018-04-22 07:31:53'),
(6, '97411525013394', 251, 68, 1, 1, '9.00', '8.00', '0.00', 1, '9.00', '8.00', '9.00', '26.00', '2018-04-29 21:53:21', '2018-04-29 21:53:21'),
(7, '97411525013394', 252, 68, 1, 1, '9.00', '9.00', '8.00', 1, '9.00', '9.00', '8.00', '26.00', '2018-04-29 21:54:19', '2018-04-29 21:54:19'),
(8, '97411525013394', 255, 68, 1, 1, '8.00', '6.00', '8.00', 1, '8.00', '7.00', '7.00', '22.00', '2018-04-29 21:54:44', '2018-04-29 21:54:44'),
(9, '97411525013394', 258, 68, 1, 1, '8.00', '7.00', '9.00', 1, '9.00', '8.00', '6.00', '23.00', '2018-04-29 21:55:04', '2018-04-29 21:55:04'),
(10, '97411525013394', 1, 68, 1, 1, '9.00', '8.00', '9.00', 1, '9.00', '8.00', '9.00', '26.00', '2018-04-29 21:55:23', '2018-04-29 21:55:23'),
(11, '97411525013394', 242, 68, 1, 1, '8.00', '9.00', '6.00', 1, '9.00', '7.00', '7.00', '23.00', '2018-04-29 21:55:45', '2018-04-29 21:55:45'),
(12, '97411525013394', 248, 68, 1, 1, '8.00', '9.00', '6.00', 1, '9.00', '6.00', '8.00', '23.00', '2018-04-29 21:56:09', '2018-04-29 21:56:09'),
(13, '97411525013394', 244, 68, 1, 1, '8.00', '9.00', '7.00', 1, '9.00', '6.00', '8.00', '23.00', '2018-04-29 21:56:35', '2018-04-29 21:56:35'),
(14, '97411525013394', 249, 68, 1, 1, '8.00', '7.00', '7.00', 1, '8.00', '8.00', '9.00', '25.00', '2018-04-29 21:57:00', '2018-04-29 21:57:00'),
(15, '97411525013394', 245, 68, 1, 1, '7.00', '8.00', '9.00', 1, '9.00', '7.00', '9.00', '25.00', '2018-04-29 21:57:23', '2018-04-29 21:57:23'),
(16, '97411525013394', 259, 68, 1, 1, '7.00', '8.00', '7.00', 1, '8.00', '7.00', '7.00', '22.00', '2018-04-29 21:58:03', '2018-04-29 21:58:03'),
(17, '97411525013394', 262, 68, 1, 1, '6.00', '7.00', '6.00', 1, '7.00', '7.00', '6.00', '20.00', '2018-04-29 21:58:24', '2018-04-29 21:58:24'),
(18, '97411525013394', 246, 68, 1, 1, '7.00', '6.00', '7.00', 1, '7.00', '7.00', '8.00', '22.00', '2018-04-29 21:58:40', '2018-04-29 21:58:40'),
(19, '97411525013394', 261, 68, 1, 1, '7.00', '8.00', '7.00', 1, '8.00', '7.00', '8.00', '23.00', '2018-04-29 21:59:01', '2018-04-29 21:59:01'),
(20, '97411525013394', 243, 68, 1, 1, '7.00', '8.00', '7.00', 1, '8.00', '8.00', '9.00', '25.00', '2018-04-29 21:59:22', '2018-04-29 21:59:22'),
(21, '97411525013394', 254, 68, 1, 1, '9.00', '8.00', '7.00', 1, '9.00', '7.00', '8.00', '24.00', '2018-04-29 21:59:41', '2018-04-29 21:59:41'),
(22, '97411525013394', 264, 68, 1, 1, '8.00', '8.00', '7.00', 1, '8.00', '7.00', '8.00', '23.00', '2018-04-29 21:59:58', '2018-04-29 21:59:58'),
(23, '97411525013394', 263, 68, 1, 1, '8.00', '7.00', '7.00', 1, '8.00', '8.00', '7.00', '23.00', '2018-04-29 22:00:13', '2018-04-29 22:00:13'),
(24, '97411525013394', 256, 68, 1, 1, '8.00', '7.00', '6.00', 1, '8.00', '7.00', '6.00', '21.00', '2018-04-29 22:00:26', '2018-04-29 22:00:26'),
(25, '97411525013394', 2, 68, 1, 1, '7.00', '8.00', '6.00', 1, '8.00', '6.00', '7.00', '21.00', '2018-04-29 22:00:45', '2018-04-29 22:00:45'),
(26, '97411525013394', 253, 68, 1, 1, '7.00', '6.00', '7.00', 1, '7.00', '7.00', '7.00', '21.00', '2018-04-29 22:00:58', '2018-04-29 22:00:58'),
(27, '58881525013267', 251, 64, 1, 1, '8.00', '0.00', '0.00', 1, '8.00', '8.00', '9.00', '25.00', '2018-05-01 00:33:34', '2018-05-01 00:33:34'),
(28, '58881525013267', 252, 64, 1, 1, '8.00', '9.00', '0.00', 2, '9.00', '7.00', '8.00', '24.00', '2018-05-01 00:43:47', '2018-05-01 00:43:47'),
(29, '58881525013267', 255, 64, 1, 1, '9.00', '0.00', '0.00', 1, '9.00', '8.00', '8.00', '25.00', '2018-05-02 07:45:26', '2018-05-02 07:45:26'),
(30, '58881525013267', 257, 64, 1, 1, '8.00', '9.00', '0.00', 2, '9.00', '10.00', '7.00', '26.00', '2018-05-02 07:46:01', '2018-05-02 07:46:01'),
(31, '58881525013267', 241, 64, 1, 1, '9.00', '10.00', '0.00', 1, '10.00', '8.00', '10.00', '28.00', '2018-05-02 07:47:38', '2018-05-02 07:47:38'),
(32, '58881525013267', 247, 64, 1, 1, '9.00', '9.00', '0.00', 1, '9.00', '10.00', '9.00', '28.00', '2018-05-02 07:48:46', '2018-05-02 07:48:46'),
(33, '58881525013267', 258, 64, 1, 1, '8.00', '8.00', '8.00', 3, '8.00', '8.00', '10.00', '26.00', '2018-05-02 07:52:44', '2018-05-02 07:52:44'),
(34, '58881525013267', 1, 64, 1, 1, '7.00', '0.00', '0.00', 1, '7.00', '7.00', '10.00', '24.00', '2018-05-02 07:53:37', '2018-05-02 07:53:37'),
(35, '58881525013267', 242, 64, 1, 1, '6.00', '7.00', '0.00', 3, '5.00', '10.00', '7.00', '22.00', '2018-05-02 07:54:25', '2018-05-02 07:54:25'),
(36, '58881525013267', 248, 64, 1, 1, '0.00', '0.00', '6.00', 1, '6.00', '7.00', '6.00', '19.00', '2018-05-02 07:55:25', '2018-05-02 07:55:25'),
(37, '58881525013267', 244, 64, 1, 1, '0.00', '6.00', '0.00', 1, '6.00', '9.00', '8.00', '23.00', '2018-05-02 07:56:15', '2018-05-02 07:56:15'),
(38, '58881525013267', 249, 64, 1, 1, '8.00', '0.00', '0.00', 1, '8.00', '6.00', '9.00', '23.00', '2018-05-02 07:56:51', '2018-05-02 07:56:51'),
(39, '58881525013267', 245, 64, 1, 1, '9.00', '9.00', '0.00', 2, '9.00', '9.00', '10.00', '28.00', '2018-05-02 07:57:34', '2018-05-02 07:57:34'),
(40, '58881525013267', 259, 64, 1, 1, '0.00', '0.00', '5.00', 1, '5.00', '6.00', '7.00', '18.00', '2018-05-02 07:57:55', '2018-05-02 07:57:55'),
(41, '97411525013394', 257, 68, 1, 1, '10.00', '6.00', '10.00', 1, '10.00', '8.00', '5.00', '23.00', '2018-05-02 07:58:22', '2018-05-02 07:58:22'),
(42, '58881525013267', 262, 64, 1, 1, '0.00', '5.00', '0.00', 1, '5.00', '8.00', '7.00', '20.00', '2018-05-02 07:58:24', '2018-05-02 07:58:24'),
(43, '97411525013394', 241, 68, 1, 1, '9.00', '9.00', '9.00', 1, '9.00', '7.00', '9.00', '25.00', '2018-05-02 07:58:54', '2018-05-02 07:58:54'),
(44, '58881525013267', 246, 64, 1, 1, '8.00', '7.00', '0.00', 1, '8.00', '8.00', '10.00', '26.00', '2018-05-02 07:58:56', '2018-05-02 07:58:56'),
(45, '58881525013267', 261, 64, 1, 1, '7.00', '6.50', '0.00', 1, '7.00', '7.00', '8.00', '22.00', '2018-05-02 07:59:22', '2018-05-02 07:59:22'),
(46, '58881525013267', 243, 64, 1, 1, '0.00', '0.00', '0.00', 1, '0.00', '9.00', '9.00', '18.00', '2018-05-02 07:59:40', '2018-05-02 07:59:40'),
(47, '97411525013394', 247, 68, 1, 1, '10.00', '9.00', '7.00', 1, '10.00', '9.00', '9.00', '28.00', '2018-05-02 07:59:41', '2018-05-02 18:03:06'),
(48, '58881525013267', 254, 64, 1, 1, '0.00', '7.00', '0.00', 1, '7.00', '0.00', '7.00', '14.00', '2018-05-02 07:59:55', '2018-05-02 07:59:55'),
(49, '58881525013267', 264, 64, 1, 1, '0.00', '0.00', '6.00', 1, '6.00', '6.00', '7.00', '19.00', '2018-05-02 08:00:23', '2018-05-02 08:00:23'),
(50, '97411525013394', 251, 60, 1, 1, '7.00', '7.00', '5.00', 1, '7.00', '8.00', '6.00', '21.00', '2018-05-02 08:01:19', '2018-05-02 08:01:19'),
(51, '58881525013267', 263, 64, 1, 1, '9.00', '0.00', '9.00', 1, '9.00', '8.00', '8.00', '25.00', '2018-05-02 08:01:24', '2018-05-02 08:01:24'),
(52, '97411525013394', 252, 60, 1, 1, '7.00', '1.00', '0.00', 1, '7.00', '10.00', '8.00', '25.00', '2018-05-02 08:01:51', '2018-05-02 08:01:51'),
(53, '58881525013267', 256, 64, 1, 1, '0.00', '6.00', '0.00', 1, '6.00', '0.00', '7.00', '13.00', '2018-05-02 08:02:01', '2018-05-02 08:02:01'),
(54, '97411525013394', 255, 60, 1, 1, '7.00', '9.00', '6.00', 1, '9.00', '6.00', '9.00', '24.00', '2018-05-02 08:02:09', '2018-05-02 08:02:09'),
(55, '58881525013267', 2, 64, 1, 1, '10.00', '10.00', '0.00', 1, '10.00', '10.00', '8.00', '28.00', '2018-05-02 08:02:30', '2018-05-02 08:02:30'),
(56, '97411525013394', 257, 60, 1, 1, '8.00', '7.00', '0.00', 1, '8.00', '6.00', '9.00', '23.00', '2018-05-02 08:02:34', '2018-05-02 08:02:34'),
(57, '58881525013267', 253, 64, 1, 1, '0.00', '8.00', '9.00', 2, '9.00', '9.00', '9.00', '27.00', '2018-05-02 08:03:03', '2018-05-02 08:03:03'),
(58, '97411525013394', 241, 60, 1, 1, '8.00', '0.00', '7.00', 1, '8.00', '6.00', '9.00', '23.00', '2018-05-02 08:03:04', '2018-05-02 08:03:04'),
(59, '97411525013394', 247, 60, 1, 1, '9.00', '9.00', '7.00', 1, '9.00', '8.00', '9.00', '26.00', '2018-05-02 08:03:37', '2018-05-02 08:03:37'),
(60, '97411525013394', 258, 60, 1, 1, '8.00', '7.00', '8.00', 1, '8.00', '6.00', '7.00', '21.00', '2018-05-02 08:09:31', '2018-05-02 08:09:31'),
(61, '97411525013394', 1, 60, 1, 1, '8.00', '8.00', '7.00', 1, '8.00', '9.00', '9.00', '26.00', '2018-05-02 08:09:55', '2018-05-02 08:09:55'),
(62, '97411525013394', 242, 60, 1, 1, '7.00', '9.00', '8.00', 1, '9.00', '8.00', '8.00', '25.00', '2018-05-02 08:10:24', '2018-05-02 08:10:24'),
(63, '97411525013394', 248, 60, 1, 1, '8.00', '7.00', '9.00', 1, '9.00', '8.00', '8.00', '25.00', '2018-05-02 08:10:42', '2018-05-02 08:10:42'),
(64, '97411525013394', 244, 60, 1, 1, '8.00', '7.00', '9.00', 1, '9.00', '6.00', '8.00', '23.00', '2018-05-02 08:11:10', '2018-05-02 08:11:10'),
(65, '97411525013394', 249, 60, 1, 1, '7.00', '8.00', '8.00', 1, '8.00', '7.00', '8.00', '23.00', '2018-05-02 08:11:31', '2018-05-02 08:11:31'),
(66, '97411525013394', 245, 60, 1, 1, '8.00', '9.00', '7.00', 1, '9.00', '9.00', '9.00', '27.00', '2018-05-02 08:11:57', '2018-05-02 08:11:57'),
(67, '97411525013394', 259, 60, 1, 1, '7.00', '9.00', '6.00', 1, '9.00', '8.00', '8.00', '25.00', '2018-05-02 08:12:16', '2018-05-02 08:12:16'),
(68, '97411525013394', 262, 60, 1, 1, '8.00', '7.00', '5.00', 1, '8.00', '8.00', '7.00', '23.00', '2018-05-02 08:12:37', '2018-05-02 08:12:37'),
(69, '97411525013394', 246, 60, 1, 1, '7.00', '7.00', '7.00', 1, '7.00', '8.00', '8.00', '23.00', '2018-05-02 08:13:05', '2018-05-02 08:13:05'),
(70, '97411525013394', 261, 60, 1, 1, '7.00', '6.00', '8.00', 1, '8.00', '8.00', '7.00', '23.00', '2018-05-02 08:13:29', '2018-05-02 08:13:29'),
(71, '97411525013394', 243, 60, 1, 1, '8.00', '8.00', '7.00', 1, '8.00', '9.00', '7.00', '24.00', '2018-05-02 08:13:54', '2018-05-02 08:13:54'),
(72, '97411525013394', 254, 60, 1, 1, '7.00', '9.00', '7.00', 1, '9.00', '8.00', '9.00', '26.00', '2018-05-02 08:14:13', '2018-05-02 08:14:13'),
(73, '97411525013394', 264, 60, 1, 1, '8.00', '8.00', '7.00', 1, '8.00', '7.00', '7.00', '22.00', '2018-05-02 08:14:37', '2018-05-02 08:14:37'),
(74, '97411525013394', 263, 60, 1, 1, '8.00', '7.00', '6.00', 1, '8.00', '7.00', '9.00', '24.00', '2018-05-02 08:15:00', '2018-05-02 08:15:00'),
(75, '97411525013394', 256, 60, 1, 1, '8.00', '7.00', '7.00', 1, '8.00', '9.00', '8.00', '25.00', '2018-05-02 08:15:17', '2018-05-02 08:15:17'),
(76, '97411525013394', 2, 60, 1, 1, '3.00', '4.00', '7.00', 1, '7.00', '7.00', '8.00', '22.00', '2018-05-02 08:15:36', '2018-05-02 08:15:36'),
(77, '97411525013394', 253, 60, 1, 1, '7.00', '8.00', '7.00', 1, '8.00', '8.00', '9.00', '25.00', '2018-05-02 08:15:53', '2018-05-02 08:15:53'),
(78, '28231525013497', 251, 67, 1, 1, '3.00', '4.00', '3.00', 1, '4.00', '2.00', '5.00', '11.00', '2018-05-02 08:43:45', '2018-05-02 08:43:45'),
(79, '28231525013497', 252, 67, 1, 1, '4.00', '4.00', '4.00', 1, '4.00', '5.00', '4.00', '13.00', '2018-05-02 08:44:23', '2018-05-02 08:44:23'),
(80, '28231525013497', 255, 67, 1, 1, '4.00', '5.00', '4.00', 1, '5.00', '4.00', '3.00', '12.00', '2018-05-02 08:44:39', '2018-05-02 08:44:39'),
(81, '28231525013497', 257, 67, 1, 1, '4.00', '4.00', '5.00', 1, '5.00', '5.00', '4.00', '14.00', '2018-05-02 08:44:54', '2018-05-02 08:44:54'),
(82, '28231525013497', 241, 67, 1, 1, '4.00', '3.00', '2.00', 1, '4.00', '5.00', '4.00', '13.00', '2018-05-02 08:45:07', '2018-05-02 08:45:07'),
(83, '28231525013497', 247, 67, 1, 1, '4.00', '3.00', '4.00', 1, '4.00', '5.00', '4.00', '13.00', '2018-05-02 08:45:24', '2018-05-02 08:45:24'),
(84, '58881525013267', 251, 65, 1, 1, '3.00', '0.00', '0.00', 1, '3.00', '3.00', '4.00', '10.00', '2018-05-02 08:45:51', '2018-05-02 08:45:51'),
(85, '28231525013497', 258, 67, 1, 1, '4.00', '3.00', '2.00', 1, '4.00', '3.00', '3.00', '10.00', '2018-05-02 08:46:06', '2018-05-02 08:46:06'),
(86, '28231525013497', 1, 67, 1, 1, '4.00', '5.00', '4.00', 1, '5.00', '3.00', '4.00', '12.00', '2018-05-02 08:46:18', '2018-05-02 08:46:18'),
(87, '28231525013497', 242, 67, 1, 1, '4.00', '3.00', '4.00', 1, '4.00', '4.00', '5.00', '13.00', '2018-05-02 08:46:31', '2018-05-02 08:46:31'),
(88, '28231525013497', 248, 67, 1, 1, '3.00', '4.00', '3.00', 1, '4.00', '4.00', '3.00', '11.00', '2018-05-02 08:46:42', '2018-05-02 08:46:42'),
(89, '28231525013497', 244, 67, 1, 1, '5.00', '3.00', '4.00', 1, '5.00', '3.00', '5.00', '13.00', '2018-05-02 08:46:59', '2018-05-02 08:46:59'),
(90, '28231525013497', 249, 67, 1, 1, '4.00', '3.00', '5.00', 2, '5.00', '4.00', '3.00', '12.00', '2018-05-02 08:47:28', '2018-05-02 08:47:28'),
(91, '28231525013497', 245, 67, 1, 1, '4.00', '3.00', '5.00', 1, '5.00', '5.00', '4.00', '14.00', '2018-05-02 08:47:51', '2018-05-02 08:47:51'),
(92, '28231525013497', 259, 67, 1, 1, '4.00', '3.00', '5.00', 1, '5.00', '4.00', '3.00', '12.00', '2018-05-02 08:48:06', '2018-05-02 08:48:06'),
(93, '28231525013497', 262, 67, 1, 1, '3.00', '2.00', '4.00', 1, '4.00', '4.00', '5.00', '13.00', '2018-05-02 08:48:22', '2018-05-02 08:48:22'),
(94, '28231525013497', 246, 67, 1, 1, '4.00', '3.00', '2.00', 1, '4.00', '5.00', '4.00', '13.00', '2018-05-02 08:48:35', '2018-05-02 08:48:35'),
(95, '28231525013497', 261, 67, 1, 1, '2.00', '3.00', '2.00', 1, '3.00', '5.00', '4.00', '12.00', '2018-05-02 08:48:55', '2018-05-02 08:48:55'),
(96, '28231525013497', 243, 67, 1, 1, '4.00', '4.00', '5.00', 1, '5.00', '4.00', '4.00', '13.00', '2018-05-02 08:49:17', '2018-05-02 08:49:17'),
(97, '28231525013497', 254, 67, 1, 1, '4.00', '3.00', '4.00', 1, '4.00', '5.00', '4.00', '13.00', '2018-05-02 08:49:30', '2018-05-02 08:49:30'),
(98, '28231525013497', 264, 67, 1, 1, '4.00', '3.00', '4.00', 1, '4.00', '4.00', '4.00', '12.00', '2018-05-02 08:49:44', '2018-05-02 08:49:44'),
(99, '28231525013497', 263, 67, 1, 1, '4.00', '3.00', '3.00', 1, '4.00', '3.00', '3.00', '10.00', '2018-05-02 08:50:00', '2018-05-02 08:50:00'),
(100, '28231525013497', 256, 67, 1, 1, '3.00', '3.00', '3.00', 1, '3.00', '2.00', '4.00', '9.00', '2018-05-02 08:50:14', '2018-05-02 08:50:14'),
(101, '28231525013497', 2, 67, 1, 1, '2.00', '3.00', '3.00', 1, '3.00', '3.00', '4.00', '10.00', '2018-05-02 08:50:30', '2018-05-02 08:50:30'),
(102, '28231525013497', 253, 67, 1, 1, '2.00', '3.00', '2.00', 1, '3.00', '4.00', '3.00', '10.00', '2018-05-02 08:50:46', '2018-05-02 08:50:46'),
(103, '58881525013267', 252, 65, 1, 1, '2.00', '0.00', '0.00', 1, '2.00', '4.00', '4.00', '10.00', '2018-05-02 08:51:14', '2018-05-02 08:51:14'),
(104, '58881525013267', 255, 65, 1, 1, '3.00', '0.00', '0.00', 1, '3.00', '4.00', '3.00', '10.00', '2018-05-02 08:51:51', '2018-05-02 08:51:51'),
(105, '58881525013267', 257, 65, 1, 1, '4.00', '0.00', '0.00', 1, '4.00', '4.00', '3.00', '11.00', '2018-05-02 08:52:10', '2018-05-02 08:52:10'),
(106, '58881525013267', 241, 65, 1, 1, '4.00', '0.00', '0.00', 1, '4.00', '4.00', '4.00', '12.00', '2018-05-02 08:52:20', '2018-05-02 08:52:20'),
(107, '58881525013267', 247, 65, 1, 1, '4.00', '0.00', '0.00', 1, '4.00', '5.00', '5.00', '14.00', '2018-05-02 08:52:31', '2018-05-02 08:52:31'),
(108, '58881525013267', 258, 65, 1, 1, '3.00', '0.00', '0.00', 1, '3.00', '3.00', '5.00', '11.00', '2018-05-02 08:53:49', '2018-05-02 08:53:49'),
(109, '58881525013267', 1, 65, 1, 1, '4.00', '0.00', '0.00', 1, '4.00', '3.00', '5.00', '12.00', '2018-05-02 08:54:21', '2018-05-02 08:54:21'),
(110, '58881525013267', 242, 65, 1, 1, '2.00', '0.00', '0.00', 1, '2.00', '2.00', '4.00', '8.00', '2018-05-02 08:55:10', '2018-05-02 08:55:10'),
(111, '58881525013267', 248, 65, 1, 1, '0.00', '5.00', '0.00', 1, '5.00', '3.00', '5.00', '13.00', '2018-05-02 08:55:25', '2018-05-02 08:55:25'),
(112, '58881525013267', 244, 65, 1, 1, '0.00', '0.00', '4.00', 1, '4.00', '4.00', '5.00', '13.00', '2018-05-02 08:56:41', '2018-05-02 08:56:41'),
(113, '58881525013267', 249, 65, 1, 1, '2.00', '0.00', '0.00', 1, '2.00', '2.00', '5.00', '9.00', '2018-05-02 08:59:01', '2018-05-02 08:59:01'),
(114, '58881525013267', 245, 65, 1, 1, '4.00', '0.00', '0.00', 1, '4.00', '5.00', '4.00', '13.00', '2018-05-02 08:59:22', '2018-05-02 08:59:22'),
(115, '58881525013267', 259, 65, 1, 1, '2.00', '0.00', '0.00', 1, '2.00', '2.00', '3.00', '7.00', '2018-05-02 08:59:39', '2018-05-02 08:59:39'),
(116, '58881525013267', 262, 65, 1, 1, '2.00', '0.00', '0.00', 1, '2.00', '4.00', '3.00', '9.00', '2018-05-02 08:59:54', '2018-05-02 08:59:54'),
(117, '58881525013267', 246, 65, 1, 1, '0.00', '3.00', '2.00', 2, '3.00', '4.00', '5.00', '12.00', '2018-05-02 09:00:41', '2018-05-02 09:00:41'),
(118, '58881525013267', 261, 65, 1, 1, '4.00', '0.00', '0.00', 1, '4.00', '2.00', '5.00', '11.00', '2018-05-02 09:01:06', '2018-05-02 09:01:06'),
(119, '58881525013267', 243, 65, 1, 1, '0.00', '0.00', '0.00', 1, '0.00', '4.00', '5.00', '9.00', '2018-05-02 09:01:18', '2018-05-02 09:01:18'),
(120, '58881525013267', 254, 65, 1, 1, '0.00', '0.00', '5.00', 1, '5.00', '5.00', '5.00', '15.00', '2018-05-02 09:03:17', '2018-05-02 09:03:17'),
(121, '58881525013267', 264, 65, 1, 1, '4.00', '4.00', '4.00', 1, '4.00', '4.00', '5.00', '13.00', '2018-05-02 09:03:38', '2018-05-02 09:03:38'),
(122, '58881525013267', 263, 65, 1, 1, '5.00', '0.00', '0.00', 1, '5.00', '3.00', '4.00', '12.00', '2018-05-02 09:04:43', '2018-05-02 09:04:43'),
(123, '58881525013267', 256, 65, 1, 1, '4.00', '0.00', '0.00', 1, '4.00', '0.00', '4.00', '8.00', '2018-05-02 09:04:57', '2018-05-02 09:04:57'),
(124, '58881525013267', 2, 65, 1, 1, '0.00', '5.00', '0.00', 1, '5.00', '2.00', '3.00', '10.00', '2018-05-02 09:11:21', '2018-05-02 09:11:21'),
(125, '58881525013267', 253, 65, 1, 1, '3.00', '0.00', '0.00', 1, '3.00', '4.00', '5.00', '12.00', '2018-05-02 09:11:36', '2018-05-02 09:11:36'),
(126, '56411525013076', 251, 66, 1, 1, '7.00', '5.00', '0.00', 1, '7.00', '9.00', '8.00', '24.00', '2018-05-02 11:50:36', '2018-05-02 11:50:36'),
(127, '56411525013076', 252, 66, 1, 1, '0.00', '6.00', '0.00', 1, '6.00', '7.00', '7.00', '20.00', '2018-05-02 11:53:03', '2018-05-02 11:53:03'),
(128, '56411525013076', 255, 66, 1, 1, '0.00', '8.00', '7.00', 1, '8.00', '9.00', '9.00', '26.00', '2018-05-02 11:53:25', '2018-05-02 11:53:25'),
(129, '56411525013076', 257, 66, 1, 1, '6.00', '6.00', '8.00', 1, '8.00', '8.00', '9.00', '25.00', '2018-05-02 11:53:50', '2018-05-02 11:53:50'),
(130, '56411525013076', 241, 66, 1, 1, '0.00', '8.00', '7.00', 1, '8.00', '9.00', '10.00', '27.00', '2018-05-02 11:56:00', '2018-05-02 11:56:00'),
(131, '56411525013076', 247, 66, 1, 1, '9.00', '0.00', '0.00', 1, '9.00', '9.00', '10.00', '28.00', '2018-05-02 11:56:18', '2018-05-02 11:56:18'),
(132, '56411525013076', 258, 66, 1, 1, '0.00', '0.00', '7.00', 1, '7.00', '8.00', '8.00', '23.00', '2018-05-02 11:56:49', '2018-05-02 11:56:49'),
(133, '56411525013076', 1, 66, 1, 1, '0.00', '9.00', '0.00', 1, '9.00', '8.00', '9.00', '26.00', '2018-05-02 11:57:20', '2018-05-02 11:57:20'),
(134, '56411525013076', 242, 66, 1, 1, '6.00', '0.00', '7.00', 1, '7.00', '7.00', '8.00', '22.00', '2018-05-02 11:57:40', '2018-05-02 11:57:40'),
(135, '56411525013076', 248, 66, 1, 1, '6.00', '7.00', '8.00', 1, '8.00', '9.00', '7.00', '24.00', '2018-05-02 11:58:28', '2018-05-02 11:58:28'),
(136, '56411525013076', 244, 66, 1, 1, '8.00', '5.00', '9.00', 1, '9.00', '8.00', '9.00', '26.00', '2018-05-02 12:35:53', '2018-05-02 12:35:53'),
(137, '56411525013076', 249, 66, 1, 1, '6.00', '0.00', '7.00', 1, '7.00', '6.00', '8.00', '21.00', '2018-05-02 12:36:48', '2018-05-02 12:36:48'),
(138, '56411525013076', 245, 66, 1, 1, '9.00', '9.00', '0.00', 1, '9.00', '9.00', '10.00', '28.00', '2018-05-02 12:38:18', '2018-05-02 12:38:18'),
(139, '56411525013076', 259, 66, 1, 1, '0.00', '0.00', '8.00', 1, '8.00', '7.00', '7.00', '22.00', '2018-05-02 12:38:43', '2018-05-02 12:38:43'),
(140, '56411525013076', 262, 66, 1, 1, '0.00', '0.00', '6.00', 1, '6.00', '7.00', '7.00', '20.00', '2018-05-02 12:39:11', '2018-05-02 12:39:11'),
(141, '56411525013076', 246, 66, 1, 1, '0.00', '0.00', '0.00', 1, '0.00', '10.00', '10.00', '20.00', '2018-05-02 12:39:27', '2018-05-02 12:39:27'),
(142, '56411525013076', 261, 66, 1, 1, '0.00', '6.00', '7.00', 1, '7.00', '8.00', '8.00', '23.00', '2018-05-02 12:39:51', '2018-05-02 12:39:51'),
(143, '56411525013076', 243, 66, 1, 1, '0.00', '8.00', '0.00', 1, '8.00', '0.00', '9.00', '17.00', '2018-05-02 12:40:01', '2018-05-02 12:40:01'),
(144, '56411525013076', 254, 66, 1, 1, '6.00', '5.00', '7.00', 3, '6.00', '5.50', '7.00', '19.00', '2018-05-02 12:40:50', '2018-05-02 12:40:50'),
(145, '56411525013076', 264, 66, 1, 1, '0.00', '0.00', '9.00', 1, '9.00', '10.00', '10.00', '29.00', '2018-05-02 12:41:18', '2018-05-02 12:41:18'),
(146, '56411525013076', 263, 66, 1, 1, '5.00', '0.00', '0.00', 1, '5.00', '8.00', '7.00', '20.00', '2018-05-02 12:41:49', '2018-05-02 12:41:49'),
(147, '56411525013076', 256, 66, 1, 1, '0.00', '0.00', '0.00', 1, '0.00', '0.00', '7.00', '7.00', '2018-05-02 12:42:01', '2018-05-02 12:42:01'),
(148, '56411525013076', 2, 66, 1, 1, '9.00', '9.00', '9.00', 1, '9.00', '9.00', '10.00', '28.00', '2018-05-02 12:42:15', '2018-05-02 12:42:15'),
(149, '56411525013076', 253, 66, 1, 1, '5.00', '5.00', '4.00', 1, '5.00', '6.00', '9.00', '20.00', '2018-05-02 12:42:33', '2018-05-02 12:42:33');

-- --------------------------------------------------------

--
-- Table structure for table `lab_marks`
--

CREATE TABLE `lab_marks` (
  `id` int(10) UNSIGNED NOT NULL,
  `teacher_id` varchar(15) COLLATE utf8mb4_unicode_ci NOT NULL,
  `student_id` int(10) UNSIGNED NOT NULL,
  `course_id` int(10) UNSIGNED NOT NULL,
  `exam_time_id` int(10) UNSIGNED NOT NULL,
  `semester_id` int(10) UNSIGNED NOT NULL,
  `tutorial` decimal(4,2) NOT NULL,
  `mid_term` decimal(4,2) NOT NULL,
  `attendance` decimal(4,2) NOT NULL,
  `lab_seventy_mark` decimal(4,2) NOT NULL,
  `total` decimal(4,2) NOT NULL,
  `created_at` timestamp NULL DEFAULT NULL,
  `updated_at` timestamp NULL DEFAULT NULL
) ENGINE=InnoDB DEFAULT CHARSET=utf8mb4 COLLATE=utf8mb4_unicode_ci;

--
-- Dumping data for table `lab_marks`
--

INSERT INTO `lab_marks` (`id`, `teacher_id`, `student_id`, `course_id`, `exam_time_id`, `semester_id`, `tutorial`, `mid_term`, `attendance`, `lab_seventy_mark`, `total`, `created_at`, `updated_at`) VALUES
(1, '97411525013394', 251, 4, 1, 1, '4.00', '5.00', '5.00', '35.00', '49.00', '2018-05-17 00:46:51', '2018-05-17 00:50:10'),
(2, '97411525013394', 252, 4, 1, 1, '5.00', '4.00', '3.00', '25.00', '37.00', '2018-05-17 01:01:07', '2018-05-17 01:01:07'),
(3, '97411525013394', 255, 4, 1, 1, '5.00', '3.00', '2.00', '18.00', '28.00', '2018-05-17 05:39:47', '2018-05-17 05:39:47');

-- --------------------------------------------------------

--
-- Table structure for table `migrations`
--

CREATE TABLE `migrations` (
  `id` int(10) UNSIGNED NOT NULL,
  `migration` varchar(191) COLLATE utf8mb4_unicode_ci NOT NULL,
  `batch` int(11) NOT NULL
) ENGINE=InnoDB DEFAULT CHARSET=utf8mb4 COLLATE=utf8mb4_unicode_ci;

--
-- Dumping data for table `migrations`
--

INSERT INTO `migrations` (`id`, `migration`, `batch`) VALUES
(1, '2014_10_12_000000_create_users_table', 1),
(2, '2014_10_12_100000_create_password_resets_table', 1),
(3, '2018_01_05_160852_create_user_roles_table', 1),
(4, '2018_01_12_100707_create_batches_table', 1),
(5, '2018_01_12_101835_create_students_table', 1),
(6, '2018_01_12_161149_create_semesters_table', 1),
(7, '2018_01_16_162536_create_user_personal_infos_table', 1),
(8, '2018_01_26_163852_create_student_enrolls_table', 1),
(9, '2018_02_21_141734_create_courses_table', 1),
(10, '2018_02_21_153523_create_course_enrolls_table', 1),
(11, '2018_02_24_123733_create_internal_thirty_percent_marks_table', 1),
(12, '2018_03_02_151112_create_internal_seventy_percent_marks_table', 1),
(13, '2018_03_20_133028_create_exam_times_table', 1),
(14, '2018_04_08_164058_create_external_enrolls_table', 2),
(15, '2018_04_08_172851_create_external_seventy_percent_marks_table', 3),
(17, '2018_04_11_085408_create_submitted_results_table', 4),
(18, '2018_04_12_130857_create_charman_enrolls_table', 5),
(19, '2018_05_02_084057_create_supp_enrolls_table', 6),
(20, '2018_05_06_090416_create_supp_marks_table', 6),
(21, '2018_05_16_071606_create_viva_voces_table', 7),
(24, '2018_05_17_045408_create_lab_marks_table', 8),
(25, '2018_05_17_132320_create_supp_lab_marks_table', 9),
(26, '2018_05_17_132344_create_supp_viva_voces_table', 9),
(28, '2018_05_19_132647_create_third_examiner_seventy_marks_table', 10),
(29, '2018_05_20_141251_create_due_student_enrolls_table', 11),
(30, '2018_05_24_160342_create_batch_enrolls_table', 12);

-- --------------------------------------------------------

--
-- Table structure for table `password_resets`
--

CREATE TABLE `password_resets` (
  `email` varchar(191) COLLATE utf8mb4_unicode_ci NOT NULL,
  `token` varchar(191) COLLATE utf8mb4_unicode_ci NOT NULL,
  `created_at` timestamp NULL DEFAULT NULL
) ENGINE=InnoDB DEFAULT CHARSET=utf8mb4 COLLATE=utf8mb4_unicode_ci;

-- --------------------------------------------------------

--
-- Table structure for table `semesters`
--

CREATE TABLE `semesters` (
  `id` int(10) UNSIGNED NOT NULL,
  `semester` varchar(191) COLLATE utf8mb4_unicode_ci NOT NULL,
  `created_at` timestamp NULL DEFAULT NULL,
  `updated_at` timestamp NULL DEFAULT NULL
) ENGINE=InnoDB DEFAULT CHARSET=utf8mb4 COLLATE=utf8mb4_unicode_ci;

--
-- Dumping data for table `semesters`
--

INSERT INTO `semesters` (`id`, `semester`, `created_at`, `updated_at`) VALUES
(1, '8th', '2018-04-08 09:53:10', '2018-04-29 21:00:01'),
(2, '7th', '2018-04-29 20:59:26', '2018-04-29 20:59:53'),
(3, '6th', '2018-04-29 20:59:32', '2018-04-29 20:59:43'),
(4, '5th', '2018-04-29 21:00:08', '2018-04-29 21:00:08'),
(5, '4th', '2018-04-29 21:00:17', '2018-04-29 21:00:17'),
(6, '3rd', '2018-04-29 21:00:23', '2018-04-29 21:00:23'),
(7, '2nd', '2018-04-29 21:00:30', '2018-04-29 21:00:30'),
(8, '1st', '2018-04-29 21:00:39', '2018-04-29 21:00:39');

-- --------------------------------------------------------

--
-- Table structure for table `students`
--

CREATE TABLE `students` (
  `id` int(10) UNSIGNED NOT NULL,
  `supervisor_id` varchar(15) COLLATE utf8mb4_unicode_ci NOT NULL,
  `name` varchar(191) COLLATE utf8mb4_unicode_ci NOT NULL,
  `email` varchar(191) COLLATE utf8mb4_unicode_ci NOT NULL,
  `password` varchar(191) COLLATE utf8mb4_unicode_ci NOT NULL,
  `batch_id` int(11) NOT NULL,
  `class_roll` int(11) NOT NULL,
  `exam_roll` int(11) NOT NULL,
  `reg_no` varchar(191) COLLATE utf8mb4_unicode_ci NOT NULL,
  `gender` varchar(1) COLLATE utf8mb4_unicode_ci NOT NULL,
  `phone` varchar(191) COLLATE utf8mb4_unicode_ci NOT NULL,
  `blood_group` varchar(191) COLLATE utf8mb4_unicode_ci NOT NULL,
  `image` varchar(191) COLLATE utf8mb4_unicode_ci DEFAULT NULL,
  `guardian` varchar(191) COLLATE utf8mb4_unicode_ci NOT NULL,
  `guardian_contact` varchar(191) COLLATE utf8mb4_unicode_ci NOT NULL,
  `is_present` tinyint(1) NOT NULL DEFAULT '1',
  `is_active` tinyint(1) NOT NULL DEFAULT '0',
  `created_at` timestamp NULL DEFAULT NULL,
  `updated_at` timestamp NULL DEFAULT NULL
) ENGINE=InnoDB DEFAULT CHARSET=utf8mb4 COLLATE=utf8mb4_unicode_ci;

--
-- Dumping data for table `students`
--

INSERT INTO `students` (`id`, `supervisor_id`, `name`, `email`, `password`, `batch_id`, `class_roll`, `exam_roll`, `reg_no`, `gender`, `phone`, `blood_group`, `image`, `guardian`, `guardian_contact`, `is_present`, `is_active`, `created_at`, `updated_at`) VALUES
(1, '25221517908462', 'Md. Arif Hussain', 'arifgbcse@gmail.com', '$2y$10$fApTyTmlF0SLrHgFAR0dyee.CHF2WGzIohwmbgGIz9PvvRG0yvCyS', 1, 6, 547, 'gce-2126/14', 'M', '01930875285', 'O Positive', NULL, 'Md. Feroz Mia', '01719740423', 1, 1, '2018-02-06 22:10:38', '2018-02-06 22:10:38'),
(2, '25221517908462', 'Shaun Imran', 'shaon.imrann@gmail.com', '$2y$10$cfuZPbsBq9PEBgkg5ag4J.Ha6Paf98giSnpkl157xlKWigS2mNnxi', 1, 25, 564, 'gce-2145/14', 'M', '01719888195', 'AB Positive', NULL, 'Mira', '01992463965', 1, 1, '2018-02-14 21:40:18', '2018-03-09 13:55:44'),
(3, '25221517908462', 'Sanjida Afrin', 'afrinkhan451@gmail.com', '$2y$10$kH8mSPR1KhoOciqey.zUsenlVp62xcUkGWZQjZhjjhFnza6jJrS22', 6, 45, 875, 'gce-2475/17', 'F', '01706063083', 'O Positive', NULL, 'Kamrunnahar Khan', '01718806076', 1, 1, '2018-02-20 15:36:08', '2018-02-20 21:36:09'),
(4, '25221517908462', 'Shakil Hossain', 'skshakilahmed111@gmail.com', '$2y$10$tT6pnBKAf/LHSe0jPWjMJuhS/s.0d3qWAFRREkxh00uXH3Y/Yhy0C', 6, 73, 900, 'gce-2502/17', 'M', '01825577343', 'B Positive', NULL, 'Kholil Miah', '01877312417', 1, 1, '2018-02-20 15:41:23', '2018-02-20 21:37:26'),
(5, '25221517908462', 'MD. Emon Islam', 'emonislam47@gmail.com', '$2y$10$7cJ8e3.oZ96GmApjnYUEyu0HwPIQFU16hcLb6BKiSUY0Q976XiJZ6', 6, 44, 903, 'gce-2474/17', 'M', '01778363947', 'B Positive', NULL, 'Delowar Hossain', '01627222078', 1, 1, '2018-02-20 15:56:36', '2018-02-20 21:38:14'),
(6, '25221517908462', 'Amina Akter', 'aminaakter2021@gmail.com', '$2y$10$qZwPSPaoWep7isi4xqn4teiB8xjd7xFMQzskegAto2Xrlotew3f.O', 6, 43, 873, 'gce-2473/17', 'F', '01812557330', 'A Positive', NULL, 'MD. Humayun Kabir', '01725513747', 1, 1, '2018-02-20 16:00:23', '2018-02-20 21:38:31'),
(7, '25221517908462', 'Khondokar Akash', 'khasadujjaman21@gmail.com', '$2y$10$9aCvCqZmopqkkQyPRm28wOQjFysr6qIaVSqNQm3frFPU791plJgYO', 6, 28, 858, 'gce-2458/17', 'M', '01632070686', 'O Positive', NULL, 'Khondokar Omar Faruque', '01752107590', 1, 1, '2018-02-20 16:04:14', '2018-02-20 21:38:58'),
(8, '25221517908462', 'Hridoy Ahmed', 'hridoyahmed6817@gmail.com', '$2y$10$Jvij42olsb860ENNd/4n7uu/xTUHAIUn2rrzM47AREv9b7zgwGDQK', 6, 72, 899, 'gce-2501/17', 'M', '01872979184', 'AB Positive', NULL, 'Lipi Akter', '01906314225', 1, 1, '2018-02-20 16:07:04', '2018-02-20 21:40:50'),
(9, '25221517908462', 'B M Sabbir Hossain', 'hbmsabbir788@gmail.com', '$2y$10$DIhhQZUmk2iqCVvoy9FHzuQfoWIPaNbnZdH4b4EtBaGzU3v2CZ7nK', 6, 12, 842, 'gce-2442/17', 'M', '01633040677', 'B Positive', NULL, 'B M Shameem Hossain', '01817596952', 1, 1, '2018-02-20 16:10:28', '2018-02-20 21:41:26'),
(10, '25221517908462', 'MD. Rigab Sahriar Shuvo', 'shuvo115948@gmail.com', '$2y$10$H05zbbNLRKzOkJcrykYjkujWFHDbhT6S1Zg143UvIND3j79RjVBpS', 6, 57, 904, 'gce-2487/17', 'M', '01824118857', 'B Positive', NULL, 'Hasina Akter', '01732581752', 1, 1, '2018-02-20 16:12:52', '2018-02-20 21:41:55'),
(11, '25221517908462', 'Ashraful Alom', 'araf.rayat@gmail.com', '$2y$10$3kJI5x91wiaaPxCuO/lXgO/u2yVSsxTp/E.hhnmkC.4K9Z5vvuD2W', 6, 9, 839, 'gce-2439/17', 'M', '01736105774', 'O Negative', NULL, 'Golshenara Begum', '01784911002', 1, 1, '2018-02-20 16:15:43', '2018-02-20 21:43:05'),
(12, '25221517908462', 'Nazmunnahar Shanta', 'shantaislamnahis@gmail.com', '$2y$10$zIvBNMkUUjaUu.4mNLM2K.6SYELrVC8ZKrQK7sd/6t58RXD5TtNdq', 6, 67, 895, 'gce-2497/17', 'F', '01832220580', 'A Positive', NULL, 'MD. Abul Kashem', '01917277399', 1, 1, '2018-02-20 16:18:52', '2018-02-20 21:43:28'),
(13, '25221517908462', 'MD. Ibrahim Khaled', 'primekhaled1997@gmail.com', '$2y$10$FcxRvp.BnFE5JC5phNPE.e9u4hLdDkPic2YWhuVHOslfIuIUv4MQG', 6, 70, 897, 'gce-2499/17', 'M', '01630223860', 'Unknown', NULL, 'Rahela Begum', '01815725011', 1, 1, '2018-02-20 16:21:11', '2018-02-20 21:43:46'),
(14, '25221517908462', 'Tanvir Ahmed', 'tanvirbned@gmail.com', '$2y$10$TGHNr.Z4397hjQprYBWicuKe2nFgKblPlUSnGoGcBMxZrxFapaM8q', 6, 80, 868, 'gce-2509/17', 'M', '01758976921', 'AB Positive', NULL, 'Redwan Ahmed', '01768679776', 1, 1, '2018-02-20 16:54:29', '2018-02-20 21:44:03'),
(15, '25221517908462', 'Monim Hasan', 'mhsohan28@gmail.com', '$2y$10$rnsPhV9IxckJY3NwJ7aKj.QuFVw0vEQlldmKXW6QzVxN0cM0DrHWW', 6, 6, 836, 'gce-2436/17', 'M', '01778793086', 'O Positive', NULL, 'Md. Jasim Uddin', '01714573153', 1, 1, '2018-02-20 16:57:34', '2018-02-20 21:44:26'),
(16, '25221517908462', 'H.M Shahriar Badhon', 'shahriarbadhon18@gmail.com', '$2y$10$uwHOMYJVwbd8yp10U2ayX.AKQR/eUvQim3P7zuMCCswRfP2H2tiu2', 6, 62, 892, 'gce-2492/17', 'M', '01859181664', 'O Positive', NULL, 'Enani Ahmed', '01823660405', 1, 1, '2018-02-20 17:01:17', '2018-02-20 21:45:02'),
(17, '25221517908462', 'Mostofa Al Muzahid', 'm.a.muzahid0034@gmail.com', '$2y$10$dIAifi2daOFuOJFCfGkJveXpgR21sF9NHF5JnkCLBgZZptwwg./PK', 6, 81, 870, 'gce-2510/17', 'M', '01517021904', 'O Positive', NULL, 'Mostofa Shazahan Siraj', '01720537682', 1, 1, '2018-02-20 17:04:44', '2018-02-20 21:45:22'),
(18, '25221517908462', 'Md. Jahidul Islam', 'tushargreat@gmail.com', '$2y$10$tIef6dxNkeXmU4nWL4rB/OZD6t69RIyMvpoK145fIE1FgsRXrOFdm', 6, 64, 907, 'gce-2494/17', 'M', '01745822233', 'AB Negative', NULL, 'Md. Abdul Gaffar', '01753575596', 1, 1, '2018-02-20 17:07:19', '2018-02-20 21:45:53'),
(19, '25221517908462', 'Ahmed Jainul Abedin', 'ahmadadan75@gmail.com', '$2y$10$GvCVpip3BgNXaB/y6T/u9.h99O3G0dPf8hLA0zEEZGaCPUc1ibajG', 6, 53, 883, 'gce-2483/17', 'M', '01823006602', 'B Positive', NULL, 'Kazi Mafiz Uddin Ahmed', '01712222722', 1, 1, '2018-02-20 17:19:39', '2018-02-20 21:46:19'),
(20, '25221517908462', 'Razib Hossen', 'razibhossen8566@gmail.com', '$2y$10$T2RBHZRIklF1ka3LiwnJnOoO6M1WjHv/oTA63KE0.ycyj9CGpYtUW', 6, 26, 856, 'gce-2456/17', 'M', '01848178478', 'O Negative', NULL, 'Md. Lal Mia', '01838607272', 1, 1, '2018-02-20 17:23:12', '2018-02-20 21:46:38'),
(21, '25221517908462', 'Md. Fuad Hasan', 'fahimhasan641@gmail.com', '$2y$10$p96ai1ii7an7olAsmwj0e.lFOweXQ4dCBqWu66NL3yZJIeYM4Ahva', 6, 42, 872, 'gce-2472/17', 'M', '01959974881', 'O Positive', NULL, 'Fenduu Begum', '01951803979', 1, 1, '2018-02-20 17:26:54', '2018-02-20 21:47:04'),
(22, '25221517908462', 'Abu Nazmus Sakib', 'nsakib32@gmail.com', '$2y$10$hf4hKbDHVfONjI4oA4.mRuSh.QhMMPS8noLL4WLD9QJgl.fR76uOW', 6, 1, 831, 'gce-2431/17', 'M', '01754697320', 'O Positive', NULL, 'Md. Abul Kalam', '01759248384', 1, 1, '2018-02-20 17:30:03', '2018-02-20 21:47:26'),
(23, '25221517908462', 'Rashedul Islam Shuvo', 'rashedulislamshuvo777@gmail.com', '$2y$10$zkBx4jl2/vPMyPZ0HVgj6e79ZB65rdFBffibgTITceLLt0e2tzW2S', 6, 8, 838, 'gce-2438/17', 'M', '01778702218', 'B Positive', NULL, 'Rafiqul Islam', '01624724097', 1, 1, '2018-02-20 17:33:46', '2018-02-20 21:47:47'),
(24, '25221517908462', 'Pulak Mia', 'Rjpoluk@gmail.com', '$2y$10$WytHTFifhLnlXlcw26ctO.OLPcrOS1URXJxe1D4.F9HMCc6HDuAOK', 6, 37, 867, 'gce-2467/17', 'M', '01879599448', 'A Positive', NULL, 'Mostofa', '01879599448', 1, 1, '2018-02-20 17:37:17', '2018-02-20 21:48:12'),
(25, '25221517908462', 'Mohammad Mridul Khan', 'mridulaas3046@gmail.com', '$2y$10$ukwpyOMa4Wj57e3WjpN4.e4utbh3pC7HgDOoi8UbNqrxAIjL6cweC', 6, 30, 860, 'gce-2460/17', 'M', '01882128633', 'A Positive', NULL, 'Md Ali Khan', '01616703020', 1, 1, '2018-02-20 17:41:55', '2018-02-20 21:48:28'),
(26, '25221517908462', 'Md. Shahriar Islam', 'shakilkhan725@gmail.com', '$2y$10$mCyzWTE84CCHR74W/vAV1e./Nz8l3Dr9P6PEm4DHwt/e9tBzXDnca', 6, 17, 847, 'gce-2447/17', 'M', '01779180445', 'B Positive', NULL, 'Md. Shahidul Islam', '01726982779', 1, 1, '2018-02-20 17:48:49', '2018-02-20 21:48:54'),
(27, '25221517908462', 'Md. Shakil Sarkar', 'shahedshakil971@gmail.com', '$2y$10$OUk7/KL3juQwVMuox0TBfeRkzbIDq6XoNaiDQfiNW.Si/QaqHEtIa', 6, 7, 837, 'gce-2437/17', 'M', '01776888149', 'B Positive', NULL, 'Md. Golam Mostofa', '01774923696', 1, 1, '2018-02-20 17:54:56', '2018-02-20 21:49:11'),
(28, '25221517908462', 'Md. Anisur Rahman', 'bijaykhan01@gmail.com', '$2y$10$8TDIosMs4XbKP5TvGlWT.ek1vsIKhCmad6LXSOrQuemcBErkQkhuS', 6, 27, 857, 'gce-2457/17', 'M', '01630610833', 'B Positive', NULL, 'Rona Akter', '01630610830', 1, 1, '2018-02-20 17:59:22', '2018-02-20 21:49:27'),
(29, '25221517908462', 'Shanewaz Patwary', 'patwarycse@gmail.com', '$2y$10$dqRMs1WJOISD9PKLPd4Xxe/rXzcHp2xNmegz0kEHNVJ5QrEkmHnCm', 6, 20, 850, 'gce-2450/17', 'M', '01703314255', 'A Positive', NULL, 'Rasel Patwary', '01736148422', 1, 1, '2018-02-20 18:02:41', '2018-02-20 21:51:44'),
(30, '25221517908462', 'Faisal Ahamed Rahad', 'faisalahamedrahat5@gmail.com', '$2y$10$DchnWfyce/OGn/qYWW0l8ucLS2mrYsPR9.mLaxB0WWfQHlK4AmEyW', 6, 78, 863, 'gce-2507/17', 'M', '01822194889', 'B Positive', NULL, 'Hasina Akter', '01724838062', 1, 1, '2018-02-20 18:05:07', '2018-02-20 21:52:06'),
(31, '25221517908462', 'Md. Rakibul Islam', 'riraju53@gmail.com', '$2y$10$zuQa5lqRrCh0b8H7ZBeIruYmo2VGeH8844KqzUqgTibKSnINzWp62', 6, 76, 854, 'gce-2505/17', 'M', '01626787151', 'B Positive', NULL, 'Dilruba Akter', '01674185928', 1, 1, '2018-02-20 18:07:54', '2018-02-20 21:52:38'),
(32, '25221517908462', 'Mahmudul Hasan Ashik', 'mahmudulashik751@gmail.com', '$2y$10$NOKfFKH3iiVPFtd3impviep2g65pjlFe0evzbKWAsFuGW0LzkZVO.', 6, 50, 880, 'gce-2480/17', 'M', '01771369532', 'B Positive', NULL, 'Md. Jahangir Alam', '01716374483', 1, 1, '2018-02-20 18:10:29', '2018-02-20 21:52:53'),
(33, '25221517908462', 'Md. Nur Alam Mridha', 'sajibmridha@gmail.com', '$2y$10$pXyPMRaCtHVR/5x0nnBYX.ZetibxJh/cWIJQ5b3ZKi7gWlml4v2dG', 6, 82, 874, 'gce-2511/17', 'M', '01744213411', 'A Positive', NULL, 'Sojno Mridha', '01728362900', 1, 1, '2018-02-20 18:15:20', '2018-02-20 21:53:12'),
(34, '25221517908462', 'Md. Mamunur Rashid', 'mamunkhan.mk.446@gmail.com', '$2y$10$.w2yK1sZce/Y5J4kWMsfa.xLUihI05QbjOt.C5bcpShZCpVdPPYAO', 6, 51, 881, 'gce-2481/17', 'M', '01712964185', 'O Positive', NULL, 'Md. Faiz Uddin', '01923363322', 1, 1, '2018-02-20 18:18:57', '2018-02-20 21:53:28'),
(35, '25221517908462', 'Imam Hasan', 'imhasan@gmail.com', '$2y$10$oskWyXRm5sd85CuKmv/J0.IYWg.j9uamQOwvidNFjIflVEPXXaDu2', 7, 1, 921, 'gce-2527/17', 'M', '01760256130', 'O Positive', NULL, 'Mujibur Rahman', '01935095789', 1, 1, '2018-02-20 18:42:19', '2018-02-20 21:53:53'),
(36, '25221517908462', 'MD. Toukir Ahmed', 'ahmedtoukir1997@gmail.com', '$2y$10$4sWnueRoL/t5rGMmw80pV.cQMb2rzW/whfpFGXOiNKhakSP9y5F8C', 3, 57, 702, 'gce-2301/15', 'M', '01857703064', 'O Positive', NULL, 'MD Wares Ahmed', '01711179566', 1, 1, '2018-02-20 20:39:28', '2018-02-20 20:47:24'),
(37, '25221517908462', 'Mahmuda Akter', 'nejhum123@gmail.com', '$2y$10$MT5MbWT/T.WDgs4XX48TEe5x5N83JfA7/zgYXO7Ery6OqnA32fKly', 3, 48, 694, 'gce-2292/15', 'F', '01879924914', 'B Positive', NULL, 'Shahanara Begum', '01720443115', 1, 1, '2018-02-20 20:53:44', '2018-02-20 20:53:44'),
(38, '25221517908462', 'MD. Rafiqul Islam', 'rafiqulislam.ilu@gmail.com', '$2y$10$oIHZWTrdLZ.vh.9hxaGM3uy8csYE85a/8Bg2h.on.DNyi9p09Jl6e', 3, 49, 695, 'gce-2293/15', 'M', '01624710082', 'AB Positive', NULL, 'MD. Khalilur Rahman', '01678023982', 1, 1, '2018-02-20 20:57:31', '2018-02-20 20:57:31'),
(39, '25221517908462', 'Razaul Karim', 'rezon770@gmail.com', '$2y$10$wxSQdCmRYSxGwpYJtWqHPe9fUSdPu4VzKOKxWg32UuIUE70H3v/te', 3, 50, 696, 'gce-2294/15', 'M', '01771628282', 'A Positive', NULL, 'MD. Abdur Razzak', '01714683459', 1, 1, '2018-02-20 21:00:49', '2018-02-20 21:00:49'),
(40, '25221517908462', 'MD. Rafiul Alam Rami', 'rafiul7368@gmail.com', '$2y$10$VoZPYTVvTOVqsnvJ3y5e1.57QkBbzha4ZVok5bZnz2dSCOv/orYuS', 3, 51, 697, 'gce-2295/15', 'M', '01673429368', 'O Positive', NULL, 'MD. Alamgir Hossin', '01798781049', 1, 1, '2018-02-20 21:43:59', '2018-02-20 21:43:59'),
(41, '25221517908462', 'Taufiq Ahmed', 'taufiqhasan699@gmail.com', '$2y$10$2OulEayK59BCfCywPDh4VOYSvjduAzVrqaSOjS2NvIYQsh8tkTudO', 3, 54, 699, 'gce-2298/15', 'M', '01983625954', 'B Positive', NULL, 'Abdul Kader', '01710925179', 1, 1, '2018-02-20 22:03:05', '2018-02-20 22:03:05'),
(42, '25221517908462', 'Debasish Pandit', 'debasishpandit2015@gmail.com', '$2y$10$cslqThkXaEGPxdmtwc/zbeZTnVInmXg0noc1hadxpw.UItKqKwAqa', 3, 56, 701, 'gce-2300/15', 'M', '01521446434', 'O Positive', NULL, 'Gouranga Pandit', '01724192325', 1, 1, '2018-02-20 22:06:13', '2018-02-20 22:06:13'),
(43, '25221517908462', 'Mithun Kumar Shil', 'monermithun789@gmail.com', '$2y$10$MXVlSXFWX7oSM6kBePC3.uv.JNlt/A392S1z7iCFc3uyZC66Zmm6W', 3, 58, 703, 'gce-2302/15', 'M', '01773838589', 'B Positive', NULL, 'Ratna Rani Shil', '01741398903', 1, 1, '2018-02-20 22:10:01', '2018-02-20 22:10:01'),
(44, '25221517908462', 'MD. Hosainul Arefin', 'hosainularefin99@gmail.com', '$2y$10$741o4HkXDUCUAuXsY/EiCevOyijG4kCYHdt5bmimfMEwJlCCv9ufi', 3, 59, 704, 'gce-2303/15', 'M', '01783252524', 'A Positive', NULL, 'Ahsanul Arefin Teetoo', '0173418035', 1, 1, '2018-02-20 22:15:55', '2018-02-20 22:15:55'),
(45, '25221517908462', 'Afroaj Jahan Sathi', 'sathi3634@gmail.com', '$2y$10$p4qOnl2wkZWm/O2aIkQk1ekOx21K4EYLrl/K04r1ga2KQFFyi6FqW', 3, 61, 705, 'gce-2305/15', 'F', '01987943634', 'O Positive', NULL, 'Zafar Ullah', '01923531476', 1, 1, '2018-02-20 22:19:36', '2018-02-20 22:19:36'),
(46, '25221517908462', 'Md.Mynul Hassan', 'mynuly7@gmail.com', '$2y$10$LLBOS2//wnIIibL.nJVZG.c6TOqBXx5NHIuV0zW11m9g.4pkqLdmC', 3, 85, 730, 'gce-2329/15', 'M', '01999778945', 'A Positive', NULL, 'Nasima khanom', '01938859168', 1, 1, '2018-02-20 22:22:13', '2018-02-20 22:22:13'),
(47, '25221517908462', 'Md. Habibur Rahaman', 'habibrohan42@gmail.com', '$2y$10$P2PkIHIMOANxv0l9YyDDCu4blEfR4Aj7kwD4F.odceomwob9QT7na', 3, 83, 722, 'gce-2327/15', 'M', '01622283310', 'O Positive', NULL, 'Md Biplob Hossen', '01717016776', 1, 1, '2018-02-20 22:25:01', '2018-02-21 10:01:24'),
(48, '25221517908462', 'Khairul Kabir Shimul', 'sailasumi017@gmail.com', '$2y$10$2SOSWEa/BXeeG.biPqUcCOMkGEBRj1qB7x313phfjhlhLwuWxbLZ.', 7, 2, 922, 'gce-2521/17', 'M', '01716290047', 'O Positive', NULL, 'Abdus Samad', '01706687308', 1, 1, '2018-02-20 22:49:52', '2018-02-20 23:10:37'),
(49, '25221517908462', 'Rifat Ahmed Nahid', 'rifatnahid23@gmail.com', '$2y$10$pBjiQeuBVYpS6Ti.JS8mseCKyAt1MKLLQgcSVA7URdw9.FdtGzwvO', 7, 3, 923, 'gce-2522/17', 'M', '01683977035', 'AB Positive', NULL, 'Nasrin Akter', '01710796426', 1, 1, '2018-02-20 22:53:38', '2018-02-20 23:11:46'),
(50, '25221517908462', 'MD.Nahid Hasan Hridoy', 'hridoy229@gmail.com', '$2y$10$co4K42KwY4Fk1Yilew729OGG/qwyM1PnbaPSTqB57aYKB/Lhomkkm', 7, 5, 924, 'gce-2524/17', 'M', '01626429983', 'O Positive', NULL, 'MD.Masud Rana', '01911742796', 1, 1, '2018-02-20 23:01:32', '2018-02-20 23:12:27'),
(51, '25221517908462', 'MD. Abu Bakar', 'abubakar56283@gmail.com', '$2y$10$Sn.ZblEeuKAe2I9YwHK9xOfRewNIquku8sNKb6U9.4LJGppDlqj32', 7, 6, 925, 'gce-2525/17', 'M', '01790787014', 'B Positive', NULL, 'MD.Ataur Rahman', '01725981024', 1, 1, '2018-02-20 23:06:11', '2018-02-20 23:13:06'),
(52, '25221517908462', 'Shah Shahiduzzaman', 'ssnovel97@gmail.com', '$2y$10$XO8g3K7X1l47y0MKetGg1.6.02tGXe6BfQy3.QwkZOogqfJdsi03a', 6, 71, 898, 'gce-2500/17', 'M', '01867375997', 'B Positive', NULL, 'Shah Kamruzzaman', '01712706469', 1, 1, '2018-02-21 08:53:36', '2018-02-21 08:53:36'),
(53, '25221517908462', 'Alif Hossain', 'alifhossain2628@gmail.com', '$2y$10$rvnDCOgtzn8i/ilkCr6iKebR0FVjYwyG3AENLaqLKQD.PSWPeidEy', 6, 41, 871, 'gce-2471/17', 'M', '01744819590', 'AB Positive', NULL, 'Abdur Razzak', '01795150091', 1, 1, '2018-02-21 08:56:05', '2018-02-21 08:56:05'),
(54, '25221517908462', 'Hasan Jalal Uddin', 'jalalhasan756@gmail.com', '$2y$10$5oWfGgcVHaZ7BmvFU0K9d.ivmD3bGKyzdawgMRK29VoWC3dPPU9G2', 6, 58, 905, 'gce-/17', 'M', '01799254840', 'A Positive', NULL, 'Md. Homahon Kober', '01721140635', 1, 1, '2018-02-21 08:59:57', '2018-02-21 08:59:57'),
(55, '25221517908462', 'Mohaiminul Hasan Arif', 'arifvai355@gmail.com', '$2y$10$O9ROkTBjA/EWMKzGn8EdMeUuVT1QUN7d.rLbMmYu08jHvgcuPnnyu', 6, 56, 886, 'gce-2486/17', 'M', '01992686355', 'B Positive', NULL, 'Md. Khalilur Rahman', '01740651859', 1, 1, '2018-02-21 09:02:09', '2018-02-21 09:02:09'),
(56, '25221517908462', 'S.M. Abdullah Al Mamun', 'smamun19@gmail.com', '$2y$10$FiTq8313rgiqTQz8fMaN4uo00BP.f2WK6EhXzLleIZ8Stz4ZGO/oq', 6, 60, 890, 'gce-2490/17', 'M', '01840504282', 'A Positive', NULL, 'Md. Akbor Hossain', '01817020285', 1, 1, '2018-02-21 09:24:03', '2018-02-21 09:24:03'),
(57, '25221517908462', 'Md. Mehedi Fakir', 'mehedifakir.cse@gmail.com', '$2y$10$xF7QFCSMYZhJ3bPuQ1xWEOOhHM2qCDkaKP3CPKyv2nLez5v3bwmsu', 6, 32, 902, 'gce-2462/17', 'M', '01999873301', 'B Positive', NULL, 'Md. Habib Fakir', '01952502279', 1, 1, '2018-02-21 09:27:21', '2018-02-21 09:27:21'),
(58, '25221517908462', 'Md. Tamimur Rahman', 'tamimurrahman364@gmail.com', '$2y$10$NiULVQbkz7p95i057GnsSeyu0Z1r7k8h8U8szNURHMHvGjltiSH4y', 6, 77, 862, 'gce-2506/17', 'M', '01773326280', 'O Positive', NULL, 'Md. Osman Goni', '01739380863', 1, 1, '2018-02-21 09:29:29', '2018-02-21 09:29:29'),
(59, '25221517908462', 'Md. Alamgir Hossain', 'ariyanahmedalamgir577@gmail.com', '$2y$10$QqpGZJW/uXwSQ8gmZeKb3eS3fVT5AuWyFjstfwES0eJaILNOxeSGG', 6, 48, 878, 'gce-2478/17', 'M', '01964039852', 'AB Positive', NULL, 'Md. Ratan Bapari', '01740597002', 1, 1, '2018-02-21 09:32:12', '2018-02-21 09:32:12'),
(60, '25221517908462', 'Md. Esmail Pathan', 'esmail8037@gmail.com', '$2y$10$bAfi8nHs7zfgKbGtHxnuLersOt9sjt/rFz/1bX0Urjf3f7pJfQTX.', 6, 69, 896, 'gce-2498/17', 'M', '01934883190', 'A Positive', NULL, 'Md. Mozibur Rahman', '01714817810', 1, 1, '2018-02-21 09:37:35', '2018-02-21 09:37:35'),
(61, '25221517908462', 'Md. Salman Farsi', 'salmanfarsi470@gmail.com', '$2y$10$kM54yI5wZ1zcNp2veA/JAOcFfqQqTI2emQO/mmmayyeoOHvA/nTh2', 6, 59, 889, 'gce-2489/17', 'M', '01718486535', 'O Positive', NULL, 'Shafiqul Islam', '01764106669', 1, 1, '2018-02-21 09:39:43', '2018-02-21 09:39:43'),
(62, '25221517908462', 'Md. Rashedul Islam Rashed', 'amirashed8@gmail.com', '$2y$10$ZJzRaofzkIYOKTIbR082cOefZ.ULif1LyZcGRFAc.K0jzTH6KufxC', 6, 83, 887, 'gce-2512/17', 'M', '01739791099', 'O Positive', NULL, 'Md. Golam Hossain', '01716080566', 1, 1, '2018-02-21 09:42:07', '2018-02-21 09:42:07'),
(63, '25221517908462', 'MD.Ismail Hossain Shawon', 'ismailshawon4005@gmail.com', '$2y$10$gzg.Pw9IMkDk3/5uEOvtKe3bQQ0G8i6vMIC/s8tcOihi4QvpLjZL2', 7, 7, 926, 'gce-2526/17', 'M', '01939078640', 'AB Positive', NULL, 'MD.Soluman Pordan', '018587464005', 1, 1, '2018-02-21 10:18:30', '2018-02-21 10:18:30'),
(64, '25221517908462', 'MD.Israfil Hasan', 'mdisrafilhasan900@gmail.com', '$2y$10$Yk/354BEncBY6NelDmUDfuKoiMroiT3p.b9EOM6dT3xHslb/bWLN.', 7, 8, 927, 'gce-2527', 'M', '0171738308', 'O Positive', NULL, 'MD.Lokman Hossain', '0181413210', 1, 1, '2018-02-21 10:23:19', '2018-02-21 10:23:19'),
(65, '25221517908462', 'Puja Shutradhar', 'pujashutradhar2552@gmail.com', '$2y$10$gVePlTUZMw3lJlXZnVvcq.lkKT4F8V8KEQ3DqX2blZasUeqSSd.xq', 7, 9, 928, 'gce-2528/17', 'F', '01757433877', 'B Positive', NULL, 'Narayan Chandra Shutradhar', '01710807671', 1, 1, '2018-02-21 10:28:59', '2018-02-21 10:28:59'),
(66, '25221517908462', 'Tasnima Akter', 'tasnimaalyee505@yahoo.com', '$2y$10$f6CFmAltK.rqtWaxBZcB..l3ttAck5ynDwa0fOU6pgVbF4iapTCsW', 7, 10, 929, 'gce-2529/17', 'F', '01713785619', 'O Positive', NULL, 'MD.Abu Hasem', '01774510494', 1, 1, '2018-02-21 10:38:03', '2018-02-21 10:38:03'),
(67, '25221517908462', 'Afsana Parvin Monika', 'afsanamonika30@gmail.com', '$2y$10$NkEynH.Psj1Q0rPD6wJnjuJR0AZJ5srlZ2ZiIBlZhYc50dzaNst.G', 7, 11, 930, 'gce-2530/17', 'F', '01840019668', 'O Positive', NULL, 'MD.Aslam Khan', '01716795259', 1, 1, '2018-02-21 10:41:14', '2018-02-21 10:41:14'),
(68, '25221517908462', 'Ankon Gopal Banik', 'agbanik@outlook.com', '$2y$10$CiuVmTfHw5Uzx1iMu7UNXusip3ppDTHwSwUvyrqRfhIezBx19KNmm', 7, 12, 931, 'gce-2532/17', 'M', '01771981989', 'B Positive', NULL, 'Amiya Gopal Bannik', '01712004021', 1, 1, '2018-02-21 10:44:27', '2018-02-21 10:44:27'),
(69, '25221517908462', 'Labib Ahmed', 'labibahmed201221@gmail.com', '$2y$10$WrrXgx1BnxekDpscuiY25eAfgQaknk5z8uGQ.lxPnXUp69/K7J0f.', 7, 14, 932, 'gce-2533/17', 'M', '01956990498', 'B Positive', NULL, 'Hazi Anrzul Hossain', '01795678552', 1, 1, '2018-02-21 11:03:42', '2018-02-21 11:03:42'),
(70, '25221517908462', 'Masud Rana', 'masud.opera@gmail.com', '$2y$10$VP1alolm2.EjnrYVqJihs.K9GPua8DsAtuKyYOuXc2kBB37i.puZi', 7, 15, 933, 'gce-2534/17', 'M', '0163255410', 'AB Positive', NULL, 'Meher Ali', '01781226411', 1, 1, '2018-02-21 11:07:17', '2018-02-21 11:07:17'),
(71, '25221517908462', 'Tausif Mahmud', 'tuwsifm3@gmail.com', '$2y$10$4UENdtoDRGb/qjCpPZWhm.9TLET0U/gZRefa.4WFw8p95QsVA7a02', 7, 16, 934, 'gce-2535/17', 'M', '01949926958', 'A Positive', NULL, 'Mahmud hasan', '0191867805', 1, 1, '2018-02-21 11:23:31', '2018-02-21 11:23:31'),
(72, '25221517908462', 'Heaven Sarder', 'heaven.alachio@gmail.com', '$2y$10$drOdyyxwxCb1Y8r5oD8AF.n/MuHfGuuupL/VZSPoa2u3.TAR2EiG6', 7, 17, 935, 'gce-2536/17', 'M', '01960041129', 'B Positive', NULL, 'Simon Sardar', '01781911981', 1, 1, '2018-02-21 11:31:46', '2018-02-21 11:31:46'),
(73, '25221517908462', 'Nilima Jahan Nishi', 'nilimanishi28@gmail.com', '$2y$10$Y.zEMHU63H/Z9rQqAoOMc.OTCCQJhMPPdHTHoq/PsNAy/X.VQf7xi', 7, 18, 936, 'gce-2537/17', 'F', '01913790207', 'A Positive', NULL, 'MD.Nurul Islam', '01710302307', 1, 1, '2018-02-21 11:35:42', '2018-02-21 11:36:26'),
(74, '25221517908462', 'Rafiqul Islam', 'rio26455@gmail.com', '$2y$10$OWEsRMlKhU.yBSjh3rVbeeRI57nQhZGbdm2Jxpjb.4gR/FMwQO3qq', 6, 55, 885, 'gce-2485/17', 'M', '01877043582', 'O Positive', NULL, 'Abdul Mannan', '01883799819', 1, 1, '2018-02-21 12:21:43', '2018-02-21 12:21:43'),
(75, '25221517908462', 'Rashedul Hasan', 'hridoyrh007@gmail.com', '$2y$10$5cJlEIqhLjeEZemvAA55UeW4s7lcA7.NUBkCGTRopWWZTgIGfIJny', 6, 25, 855, 'gce-2455/17', 'M', '01631817463', 'AB Positive', NULL, 'Abdus Salam', '01740506054', 1, 1, '2018-02-21 12:24:05', '2018-02-21 12:24:05'),
(76, '25221517908462', 'Abdullah Al Mamun', 'sobujalmamun5@gmail.com', '$2y$10$k9w1XIMb8oxPbSIpib6y8uJpRuBQjCTs.SnHfgfuGKntxZOIh1Nlq', 6, 54, 884, 'gce-2484/17', 'M', '01628648101', 'O Positive', NULL, 'Md. Mozibur Rahman', '01780272706', 1, 1, '2018-02-21 12:26:21', '2018-02-21 12:26:21'),
(77, '25221517908462', 'Md. Mohiuddin', 'mohiuddin0240@gmail.com', '$2y$10$MAKUUcxUZJS64J69sM92Ne5n4lHH05hkxdli1hb4C5ZmTU.zsg.ey', 6, 22, 852, 'gce-2452/17', 'M', '01850301867', 'A Positive', NULL, 'Md. Mostofa', '01858251742', 1, 1, '2018-02-21 12:28:20', '2018-02-21 12:28:20'),
(78, '25221517908462', 'Tanvir Ahmed', 'gxtanvir@gmail.com', '$2y$10$mCDYkOWhYw/i7A3T0/IoG.9sfj0YRcmfQddoUTegJBZBf..cgAzSK', 6, 18, 848, 'gce-2448/17', 'M', '01852049974', 'B Positive', NULL, 'Tarek Ahmed', '01799785982', 1, 1, '2018-02-21 12:30:36', '2018-02-21 12:30:36'),
(79, '25221517908462', 'Shanta Islam', 'shantacse1@gmail.com', '$2y$10$GgA9DdRpRjENbIQhOF.NF.MwzlB6oDdDPjMkv3ts.G260v8ZxqA/2', 6, 36, 866, 'gce-2466/17', 'F', '01718703991', 'A Positive', NULL, 'Parvin Begum', '01718703991', 1, 1, '2018-02-21 12:33:03', '2018-02-21 12:33:03'),
(80, '25221517908462', 'Bristy Rahman', 'br14140@gmail.com', '$2y$10$vZ5/NO4mH66sakpZg4NdS.ULtjB96gWgi5b0IsCKPrOiGVK3yrSH6', 6, 38, 906, 'gce-2468/17', 'F', '01965150635', 'B Positive', NULL, 'Aminoor Rahman', '01718304956', 1, 1, '2018-02-21 12:37:24', '2018-02-21 12:37:24'),
(81, '25221517908462', 'Sharmin Sultana', 'sharminshaila97@gmail.com', '$2y$10$iX785YQdHU3AIlPKKmx6/eqdGWQY4K8F6Ahlsw9ClRV853HjS3uj6', 6, 16, 846, 'gce-2446/17', 'F', '01919216196', 'B Negative', NULL, 'Md. Sunoj Miah', '01819216196', 1, 1, '2018-02-21 12:40:38', '2018-02-21 12:40:38'),
(82, '25221517908462', 'Tahmidur Rahman', 'likhontahmid98@gmail.com', '$2y$10$uZj2PDdUQ8NL/lDpsWTrFed6qExMyZy61McOYzdKrXyifxPCWcXaC', 6, 2, 832, 'gce-2432/17', 'M', '01784645558', 'O Positive', NULL, 'Md. Hafizur Rahman', '01724758352', 1, 1, '2018-02-21 12:43:27', '2018-02-21 12:43:27'),
(83, '25221517908462', 'Md. Mehedi Hasan', 'mdmehedi81@gmail.com', '$2y$10$1xY/2H2QXZvytx1CisLRF.rzQOvSUK3F9N.cJs2vUuESpQE2yBKia', 6, 19, 849, 'gce-2449/17', 'M', '01871466630', 'A Positive', NULL, 'Md. Azmol Ali', '01919483554', 1, 1, '2018-02-21 12:47:25', '2018-02-21 12:47:25'),
(84, '25221517908462', 'Md. Sagor Ahmed', 'ast.sagor@gmail.com', '$2y$10$MARRoJddNd82EngW7Q0FiuDrQhfDFphoMi03HOZzwUvdqS1IgeqLO', 6, 5, 835, 'gce-2435/17', 'M', '01859000946', 'O Positive', NULL, 'Md. Nesarul Islam', '01927080985', 1, 1, '2018-02-21 12:49:54', '2018-02-21 12:49:54'),
(85, '25221517908462', 'Md. Golam Rabbani', 'ssrabbi24@gmail.com', '$2y$10$/8NZUL9lvIubrka0dRQvmuQDVDhkSzRnDYr4wO0mO7u4bwNlNAV7S', 6, 39, 869, 'gce-2469/17', 'M', '01947794929', 'O Positive', NULL, 'Md. Showkat Hossain', '01917643697', 1, 1, '2018-02-21 12:52:18', '2018-02-21 12:52:18'),
(86, '25221517908462', 'Nazmus Sakib Tamim', 'sakib.tamim@gmail.com', '$2y$10$1KxlnH8c4B.0O/uZixs6lOVGhec1ChGGiuxVnHdQqKbgzhyz/CQJ6', 6, 61, 891, 'gce-2491/17', 'M', '01621869540', 'O Positive', NULL, 'M Abu Obyda Ali', '01712111094', 1, 1, '2018-02-21 12:55:54', '2018-02-21 12:55:54'),
(87, '25221517908462', 'Md. Sazzad Hossen', 'mdshovo541@gmail.com', '$2y$10$OsAL7D8tjpPym9zbj7WXye3b1nlg6X0SOh8NWvBLrFvV99NYFBSHa', 6, 63, 893, 'gce-2493/17', 'M', '01717980491', 'O Positive', NULL, 'Abdul Manna', '01728174630', 1, 1, '2018-02-21 12:58:26', '2018-02-21 12:58:26'),
(88, '25221517908462', 'Sazzadhossain Abid', 'sazzadhossainabid@gmail.com', '$2y$10$6v1PGCdxHtntFe7GE0E1dOYBrfIVl1uYv1hMr6nUpliIyFGDNSD6y', 6, 47, 877, 'gce-2477/17', 'M', '017326074463', 'O Positive', NULL, 'Shafiqul Islam', '01716532087', 1, 1, '2018-02-21 13:00:42', '2018-02-21 13:00:42'),
(89, '25221517908462', 'Tanjima Akter', 'tanjimasraboni98@gmail.com', '$2y$10$8FhNNwDz4MFycFRab7QiJeMw3OGFa62WH36Z9hB1FxDji8o/zBjxq', 6, 84, 888, 'gce-2513/17', 'F', '01987933252', 'O Positive', NULL, 'Mizanur Rahman', '01784159675', 1, 1, '2018-02-21 13:03:16', '2018-02-21 13:03:16'),
(90, '25221517908462', 'Foysal Bin Saif', 'foysalbinsaif124@gmail.com', '$2y$10$2d5Q/nWmrhQPhmSskTC6BugO77BCKwnJLxA/Hoy2Ye9P01.5/90Ia', 6, 21, 851, 'gce-2451/17', 'M', '01705039534', 'AB Positive', NULL, 'Ferdousy Saif', '01717320698', 1, 1, '2018-02-21 13:05:49', '2018-02-21 13:05:49'),
(91, '25221517908462', 'Ayesha Siddika', 'treyajaman.123@gmail.com', '$2y$10$lVw00vDuWBTCVMkXXF9Q3.o0sNbTIoP6nScUeykaj6yMp0KBIcS.u', 6, 66, 894, 'gce-2496/17', 'F', '01765762572', 'O Positive', NULL, 'Aminon Rahman', '01765016562', 1, 1, '2018-02-21 13:08:31', '2018-02-21 13:08:31'),
(92, '25221517908462', 'Md. Sadiul Islam', 'sajolgb11@gmail.com', '$2y$10$in/xsxeohC.f1MTNaA3ZWudgLt8CfxQTEI751LDfUFmJs70FMpMue', 6, 11, 841, 'gce-2441/17', 'M', '01728793555', 'A Positive', NULL, 'Nahid Imtiaz', '01717844413', 1, 1, '2018-02-21 13:10:56', '2018-02-21 13:10:56'),
(93, '25221517908462', 'Fahima Jahan', 'fahimadisha@gmail.com', '$2y$10$IeKTHQt7oLXWL1ygoGkj3OKh2mDDXLC4MWBVoD8i9n0zHBTpxFTEa', 6, 74, 901, 'gce-2503/17', 'F', '01974824658', 'B Positive', NULL, 'Md. Abdul Hossen', '01714824658', 1, 1, '2018-02-21 13:13:39', '2018-02-21 13:13:39'),
(94, '25221517908462', 'Kazi Samiha', 'kazisamiha96@outlook.com', '$2y$10$wSZe7FMc/sFDBTFU/fvnfeDY2kfOQ.zBB9vOdCclSBG22i0jE2gxq', 6, 15, 845, 'gce-2445/17', 'F', '016861728', 'B Positive', NULL, 'Kazi Al Mamun', '01715710956', 1, 1, '2018-02-21 13:23:05', '2018-02-21 13:23:05'),
(95, '25221517908462', 'Md. Shariful Alam', 'sazibkp@gmail.com', '$2y$10$Cc/6lpmOJsSJi/yUvAMxfOx.iaS5qt.vEyXYdSZcZLsbU9nAAAD1m', 6, 29, 859, 'gce-2459/17', 'M', '01956317007', 'A Positive', NULL, 'Md. Sarwar Alam', '01732331554', 1, 1, '2018-02-21 13:25:53', '2018-02-21 13:25:53'),
(96, '25221517908462', 'Airin Akter Sumi', 'airinaktersumi3046@gmail.com', '$2y$10$8LRQgjO9oGjPzj4.g9bMreQ.0jBKCKVMegy5yDc9FB0k6/uDDrIG.', 6, 46, 876, 'gce-2476/17', 'F', '01681652569', 'A Positive', NULL, 'Mohsin Uzzaman', '01911981156', 1, 1, '2018-02-21 13:29:27', '2018-02-21 13:29:27'),
(97, '25221517908462', 'MD.Kamruzzaman Rana', 'krana13242@gmail.com', '$2y$10$qcgFqqPcbucY7gk1rYgyL.4yHNmXX0CQJ1oxenBEFuj1k2aQqOOLa', 7, 19, 937, 'gce-2538', 'M', '01760724837', 'A Positive', NULL, 'Tomiz Uddin', '01756797065', 1, 1, '2018-02-21 17:51:13', '2018-02-21 17:51:13'),
(98, '25221517908462', 'MD.Salah Uddin', 'mdsalahuddinmozumder@gmail.com', '$2y$10$Xwk.iK/txJKtzY1hnbCpI./sAl6lEyGdb1/2dTCpSGDat7wh5kbYa', 7, 20, 938, 'gce-2539/17', 'M', '01705754804', 'A Positive', NULL, 'MD.Rabiul Alom', '01779537518', 1, 1, '2018-02-21 17:55:43', '2018-02-21 17:55:43'),
(99, '25221517908462', 'Nosrat Jahan Nosha', 'harleennusha007@gmail.com', '$2y$10$36wlH1h9QLBAcYyPP3AfT.rqzja4oM.k.lPB5zAob.IkQwi5gygDC', 7, 21, 939, 'gce-2540/17', 'F', '0177572648', 'B Positive', NULL, 'MD.Lutfar Rahman', '01730673557', 1, 1, '2018-02-21 18:02:52', '2018-02-21 18:02:52'),
(100, '25221517908462', 'MD.Ashiqur Rahman', 'ashikparvez207@gmail.com', '$2y$10$TnBJtpdqQ7nSyeePV9ld0OQU6ZzwdQBIDguyf.1tW3J41D2FRvkJ2', 7, 22, 940, 'gce-2541/17', 'M', '01863593106', 'AB Positive', NULL, 'MD.Abdul Rahim Molla', '01721505284', 1, 1, '2018-02-21 18:08:59', '2018-02-21 18:08:59'),
(101, '25221517908462', 'Anum Al Hasan', 'khandokershafi@gmail.com', '$2y$10$2ybGbSUPmbWawG/dEfxdtuNXHRxFI.npMyadLvYziIJF7dMVhkL1a', 7, 23, 941, 'gce-2542/17', 'M', '01686809802', 'A Positive', NULL, 'Khandoker Emdadul Haque', '01631847571', 1, 1, '2018-02-21 18:14:40', '2018-02-21 18:15:35'),
(102, '25221517908462', 'Umme Hasanat Toafia', 'ummetoafia@gmail.com', '$2y$10$aSwQ0iq4GpBjWD36suC/AODDy..xBjjYW4zyRbu./LgVwdSBt1YnC', 7, 24, 942, 'gce-2543/17', 'F', '01990462954', 'O Positive', NULL, 'MD.Hafizur Rahman', '01950298096', 1, 1, '2018-02-21 18:23:21', '2018-02-21 18:23:21'),
(103, '25221517908462', 'Kanij Fatema', 'fatemakanijkoli@gmail.com', '$2y$10$.Tpy1V8LtZb4So6vSFyBXO82p1o8iXo88i5N01E7fdwbUlUTL.GKq', 7, 25, 943, 'gce-2544/17', 'F', '01732031140', 'A Positive', NULL, 'Adur Razzak', '01711585788', 1, 1, '2018-02-21 19:31:00', '2018-02-21 19:31:00'),
(104, '25221517908462', 'Anwar Parvez', 'shishirparvez8@gmail.com', '$2y$10$UCV0.Wh7uILFQs3x0jYqYe3Ke9Pp7YmXj4zVSLGvnd2RtyXkJCWDm', 7, 27, 944, 'gce-2546/17', 'M', '01796516286', 'B Positive', NULL, 'Abdus salam', 'NOT FOUND', 1, 1, '2018-02-21 19:40:44', '2018-02-21 19:40:44'),
(105, '25221517908462', 'Rayhan Hossain', 'rayhanhossainrh50@gmail.com', '$2y$10$D3Q4RYfXRbjYyCARCvqy1.zvfysffO6vYbpjdll0nKW9hE5.b536q', 7, 28, 945, 'gce-2547/17', 'M', '01983615658', 'A Positive', NULL, 'MD.Abul Kalam', '01817503510', 1, 1, '2018-02-21 19:44:05', '2018-02-21 19:44:05'),
(106, '25221517908462', 'Roksana Yesmin Rimu', 'notfound@gmail.com', '$2y$10$Bhh7VGjWOY098DGG4v9cAOgapQlJHeGkFBLJfoON8vrbnVyzinMuy', 7, 29, 946, 'gce-2548/17', 'F', '01762431104', 'A Positive', NULL, 'MD.Ruhul Amin', '01772243107', 1, 1, '2018-02-21 19:48:49', '2018-02-21 19:48:49'),
(107, '25221517908462', 'MD.Rana Miya', 'muhammudrana1996@gmail.com', '$2y$10$9lMoZ5c4ZQWaaLHRCFH/Ye35i5/HV6owEVH9BIbJe9RqNZLB4j2a6', 7, 30, 947, 'gce-2549/17', 'M', '01867390904', 'AB Positive', NULL, 'MD.Nurul Islam', '01724304749', 1, 1, '2018-02-21 19:51:41', '2018-02-21 19:51:41'),
(108, '25221517908462', 'Lima Biswas', 'limabiswas58@gmail.com', '$2y$10$222Rm15UO9srgw41sxSqVeTZg0CBHwNs5dO4Mef0AtlVL/tcRHXkq', 7, 31, 948, 'gce-2550/17', 'F', '01941056084', 'A Positive', NULL, 'Bishonath Biswas', '01999119320', 1, 1, '2018-02-21 19:55:18', '2018-02-21 19:56:03'),
(109, '25221517908462', 'Ayub Ali', '1notfound@gmail.com', '$2y$10$z8wd73s/pwgszFZDla2tKeO1geAaWKRFaLP8MiE1ncm3bbuFqDMh.', 7, 4, 949, 'gce-2523/17', 'M', '01747649318', 'A Positive', NULL, 'Auul Hossain', '0177428918', 1, 1, '2018-02-21 20:00:52', '2018-02-21 20:00:52'),
(110, '25221517908462', 'Sofora Khaton', '01983953127sujatpur@gmail.com', '$2y$10$Bw84I2PU5Sa/EZYcbs7ffeLTfL1WQ/hUxxIe6kaCr3x2dtKMw0zCS', 3, 8, 662, 'gce-2252/15', 'F', '01961928616', 'O Positive', NULL, 'Sadekur rahman', '01913385965', 1, 1, '2018-02-21 20:34:11', '2018-02-21 20:34:11'),
(111, '25221517908462', 'Sourav Debnath', 'sauravdv38@gmail.com', '$2y$10$Uv5Xb7VkJu47ozxxZx5OL.fzX.E.DbnU/3jCe9JNMvGx5yAyjj4KK', 3, 65, 706, 'gce-2309/15', 'M', '018266558819', 'B Positive', NULL, 'Shantipada Debnath', '01703151005', 1, 1, '2018-02-23 21:57:59', '2018-02-23 21:57:59'),
(112, '25221517908462', 'Abdullah Al Jubayer', 'jubayer1994cse@gmail.com', '$2y$10$LF55BD8POhd38JflKmzmSe3.Hy0VkhFGtRPEjCd8oaQYcgQg4yztC', 3, 70, 709, 'gce-23014/15', 'M', '01728019050', 'A Positive', NULL, 'Jahangir Alam', '01714299165', 1, 1, '2018-02-23 22:08:34', '2018-02-23 22:08:34'),
(113, '25221517908462', 'Mohammad Mainuddin', 'mainuddin2444@gmail.com', '$2y$10$5EE9D9FKAFuu89TPu0yYwOWi5923foIOrmIRzeuyMcv3JiB0tOz/S', 3, 71, 710, 'gce-2315/15', 'M', '01744671766', 'B Positive', NULL, 'Jakaria Ikram', '01734039552', 1, 1, '2018-02-23 22:12:44', '2018-02-23 22:12:44'),
(114, '25221517908462', 'KH Rahat Kamal', 'nirjhor27august@gmail.com', '$2y$10$a4GU5uJuh933liEhvXd34OraPke8W8j6MiHTuONEstiTm.ijzOZ.C', 3, 74, 713, 'gce-23018/15', 'M', '01775037588', 'AB Positive', NULL, 'Khandakar Mahim', '01712696056', 1, 1, '2018-02-23 22:19:55', '2018-02-23 22:19:55'),
(115, '25221517908462', 'MD. Masud Rana', 'masudrana33@gmail.com', '$2y$10$d.QFFknNMU.3OLV.fhnqJ.eRplEWHMFI2W7kxQYzkRLcfkruLS53q', 3, 73, 712, 'gce-2317/15', 'M', '01712299034', 'O Positive', NULL, 'MD. Kamrozaman', '01645319481', 1, 1, '2018-02-23 22:23:38', '2018-02-23 22:23:38'),
(116, '25221517908462', 'MD. Soharab Hossain', 'soharab727272@gmail.com', '$2y$10$zdeSPtLU7WTqt6yQGXll1eZQEgVUxJXg0a5aLw8dkR2ZsVC8oe9mO', 3, 72, 711, 'gce-2316/15', 'M', '01746044306', 'O Positive', NULL, 'MD. Sohag', '01720161108', 1, 1, '2018-02-23 22:26:27', '2018-02-23 22:26:27'),
(117, '25221517908462', 'Mahtabur Rahman Sobuj', 'rmahtabur@gmail.com', '$2y$10$DfwqljWKxE82WHb2HNXXnut2v4ePvBMrfkh8t8l9r5defTRq/RbpG', 3, 75, 714, 'gce-2319/15', 'M', '01977697759', 'O Positive', NULL, 'Mahbubur Rahman', '01677697759', 1, 1, '2018-02-23 22:31:36', '2018-02-23 22:31:36'),
(118, '25221517908462', 'MD. Azad Hossain', 'azadmondol470@gmail.com', '$2y$10$c.QThocwiFJ2WkXzzdkjUucmoq0hHarM1uOY9GL5hK/gQcCjBSr/6', 3, 76, 715, 'gce-2320/15', 'M', '01685190470', 'O Positive', NULL, 'Abdul Hanif', '01961560733', 1, 1, '2018-02-23 22:34:20', '2018-02-23 22:34:20'),
(119, '25221517908462', 'MD. Rayhanul Islam', 'rifatengineer2016@gmail.com', '$2y$10$9LefoWA1vISJbOfzK7D0UexinPHfvIv8.a6joaV2VOdi5lpwuRmKW', 3, 79, 718, 'gce-2323/15', 'M', '01707783908', 'A Positive', NULL, 'Shifat Hossain', '01933782911', 1, 1, '2018-02-23 22:40:58', '2018-02-23 22:40:58'),
(120, '25221517908462', 'MD Rakibul Islam', 'rakibengineer@gmail.com', '$2y$10$mP7fAq6mpoftjlB1sUHK3.fFDUtlcAuxWpRlaMsUl8HaLEskURQaa', 3, 80, 719, 'gce-2325/15', 'M', '01684343949', 'B Positive', NULL, 'MD Jamsed Alam', '01773057528', 1, 1, '2018-02-23 22:56:06', '2018-02-23 22:56:06'),
(121, '25221517908462', 'A.K.M. Taushikul Haque', 'toushikulhaque0@gmail.com', '$2y$10$/Wkuu3woEADYwgtplfWbGu2QCtjQ.ismjQaztltsf0cnm6Guj2BDi', 3, 82, 721, 'gce-2326/15', 'M', '01677579887', 'A Positive', NULL, 'A.K.M. Siddiquel Haque', '01766448523', 1, 1, '2018-02-23 23:05:12', '2018-02-23 23:05:12'),
(122, '25221517908462', 'MD. Moshiur Rahman', 'rahman.lizen@gmail.com', '$2y$10$o3DWlhTVYFJRg7G81dupq.EczF/TBmMOgLEh3wf2xxaUOwpqUiBNG', 3, 86, 724, 'gce-2330/15', 'M', '01673947611', 'A Positive', NULL, 'MD. Zillur Rahman', '0177953023', 1, 1, '2018-02-23 23:14:50', '2018-02-23 23:14:50'),
(123, '25221517908462', 'Bipul Sarkar', 'skbipulr@gmail.com', '$2y$10$6I33emRHZeoN.O16pJCIN.OJPHNyuKKxMDoz4rnOUksvXU.k4fLka', 3, 1, 655, 'gce-2245/15', 'M', '01761302367', 'O Positive', NULL, 'Khasdro Sarkar', '01791845006', 1, 1, '2018-02-23 23:20:07', '2018-02-23 23:20:07'),
(124, '25221517908462', 'Amina Begum', 'ameenaislamnaznin@gmail.com', '$2y$10$LPi402mYhiOsSOZQX6IyS.FtF3TGwLF81v2FiWYh4BPyD27AoA5da', 3, 2, 656, 'gce-2246/15', 'F', '01874489588', 'B Positive', NULL, 'Nazrul Islam', '01714629026', 1, 1, '2018-02-23 23:26:05', '2018-02-23 23:26:05'),
(125, '25221517908462', 'Maeda Islam', 'maedaislam.gb@gmail.com', '$2y$10$isxYjlg6Wnk58b44Ten8fOX5BXkJA7zHN0PyEYMGpSyM1ij2HqcT6', 3, 3, 657, 'gce-2247/15', 'F', '01866741481', 'B Positive', NULL, 'MD. Kabir Hossain', '0171683278', 1, 1, '2018-02-23 23:29:51', '2018-02-23 23:29:51'),
(126, '25221517908462', 'MD. Rahat Khan Dipto', 'rahat.a.dipto@gmail.com', '$2y$10$Vq5gaHf0Y.EV25nWMgtG8uM4RgEEqBK5Yn3NQj1zO8ougmPO3xKWi', 3, 4, 658, 'gce-2248', 'M', '01670142733', 'B Positive', NULL, 'None', '01711693428', 1, 1, '2018-02-23 23:34:02', '2018-02-23 23:34:02'),
(127, '25221517908462', 'MD. Rakibul Islam', 'remondjhat@gmail.com', '$2y$10$CI5Qj0hmfNiASLGt02oUFOEeO4M5BM50uvEZfAdIu3if9UgCkTXyG', 3, 7, 661, 'gce2251/15', 'M', '0164114706', 'O Positive', NULL, 'MD. Shohag', '01712863014', 1, 1, '2018-02-23 23:37:21', '2018-02-23 23:37:21'),
(128, '25221517908462', 'MD. Alamin Redoy', 'hk99125@gmail.com', '$2y$10$9Uc27SWqGgLJx15jTzeCY.ZgqSLDs.a.Cbq54ihq/tARelSaDoZgS', 3, 5, 659, 'gce-2249/15', 'M', '01722247188', 'O Negative', NULL, 'None', '01610245559', 1, 1, '2018-02-23 23:41:06', '2018-02-23 23:41:06'),
(129, '30401515598319', 'Akash Ahmed', 'akash.cse@outlook.com', '$2y$10$OCMLBynYEoGOw9gIVimyg.63wZyZJgPeaplEXyo7yMm3Lt55CO0sm', 2, 1, 570, 'gce-2150/15', 'M', '01727822589', 'O Positive', NULL, 'Abu Said', '01718803003', 1, 1, '2018-02-24 13:14:21', '2018-02-24 13:18:21'),
(130, '30401515598319', 'Tania Safrin', 'taniasafrin95@gmail.com', '$2y$10$k2MmdXARHcZGEJydYIp6UuInlV0VEnVEsNs3mAHYG4JEYILYp9AMu', 2, 6, 571, 'gce-2154/15', 'F', '01638296648', 'A Positive', NULL, 'Fatema Begum', '01990502800', 1, 1, '2018-02-24 13:17:58', '2018-02-24 13:17:58'),
(131, '30401515598319', 'Tarikul IslaM', 'tarikulislam2030@gmail.com', '$2y$10$T.PuTtF1on3tvKTyjYq52ewc1xvno.oxScSY0t2dQ6/Y/RMixtOFm', 2, 7, 572, 'gce-2155/15', 'M', '191173867', 'O Positive', NULL, 'Omar Hossain', '01710168666', 1, 1, '2018-02-24 13:21:44', '2018-02-24 13:21:44'),
(132, '30401515598319', 'Tarif Hassain', 'tarifhossaintony@yahoo.com', '$2y$10$MzocwxvyZdZPY1hmQ3xljOmKirvxdC/.B9lKJmjL44R.IfAXwIejK', 2, 8, 573, 'gce-2156/15', 'M', '01728867397', 'O Positive', NULL, 'Abul Hossain', '01710467740', 1, 1, '2018-02-24 13:25:51', '2018-02-24 13:25:51'),
(133, '30401515598319', 'Soykot Paroi', 'soykotparoi@gmail.com', '$2y$10$mtitgg6a5Ayx6W0s4fM7n.Gt9rMgl66O83fVo1w7pXycEI4OzI5Mi', 2, 9, 574, 'gce-2157/15', 'M', '01763137683', 'B Positive', NULL, 'Sreedam Chandra Paroi', '01747210065', 1, 1, '2018-02-24 13:29:09', '2018-02-24 13:29:09'),
(134, '30401515598319', 'Md. Sajjad Kabir', 'sajjadkabir2017@gmail.com', '$2y$10$zByv6SWCPa.7dv5UIKLWq.N8MtbEZt75hMzj5wXqMn2ZBhfNhVuyC', 2, 10, 575, 'gce-2158/15', 'M', '01836022065', 'B Positive', NULL, 'Md. Sahajuddin', '01740048790', 1, 1, '2018-02-24 13:31:06', '2018-02-24 13:31:06'),
(135, '30401515598319', 'Md. Hasibur Rahman', 'oshomaptohr@gmail.com', '$2y$10$X0jl1FqGUblxMOYZb7rR7ODDymN/dcNqzCftI92KFM2Ucs/G5a8lO', 2, 11, 576, 'gce-2159/15', 'M', '01959593831', 'B Positive', NULL, 'Md. Habibur Rahman', '01717392874', 1, 1, '2018-02-24 13:33:11', '2018-02-24 13:33:11'),
(136, '30401515598319', 'Eshrat Jahan Sweety', 'esrat722@gmail.com', '$2y$10$Ut7BxkrBQzRTHHkwLtJ9HeYeoW9axVuxhouIZhmdWLbTYbThLf.MC', 2, 12, 577, 'gce-2160/15', 'F', '01860233210', 'A Positive', NULL, 'Md. Balayet Hossain', '01712674591', 1, 1, '2018-02-24 13:37:33', '2018-02-24 13:37:33'),
(137, '30401515598319', 'Asaduzzaman Sarker', 'asaduzzaman.seo@gmail.com', '$2y$10$qPzNhX4Cy8NCBx8ntggytuWMMSIaNKb2dURC.tbJLfL2/vXWehWy.', 2, 13, 578, 'gce-2161/15', 'M', '01611047777', 'B Positive', NULL, 'Salah Uddin', '01758888808', 1, 1, '2018-02-24 13:39:34', '2018-02-24 13:39:34'),
(138, '30401515598319', 'Esrat Jahan Shetu', 'esratjahan579@gmail.com', '$2y$10$VpaxcugliU9SIrFbhnO2qe/qqfwUI3jT8zImjGP0imS9CNciaMz5G', 2, 14, 579, 'gce-2162/15', 'F', '01625073866', 'O Positive', NULL, 'Shahin', '0191257492', 1, 1, '2018-02-24 13:44:54', '2018-02-24 13:44:54'),
(139, '30401515598319', 'Sabrina Akter', 'sabrinaktar2@gmail.com', '$2y$10$hMSdbq/rqHybMsaQcZD7i.a2ekRwQBMCZ/xQBemkqd8UYp3LrQ4Pe', 2, 16, 580, 'gce-2164/15', 'F', '01750299281', 'A Positive', NULL, 'Iqbal Hossain', '01621233121', 1, 1, '2018-02-24 13:50:48', '2018-02-24 13:50:48'),
(140, '30401515598319', 'Jahangir Alam', 'jahangir.alam07766@gmail.com', '$2y$10$CSuiIP1tLz7u7V8jbqIIkuU7lvJ33ZmZBlPYteEnCJB0sJmYWrfE6', 4, 2, 736, 'gce-2336/16', 'M', '01710202519', 'O Negative', NULL, 'Ab. Kuddus', '01740547005', 1, 1, '2018-02-24 19:33:42', '2018-02-24 19:33:42'),
(141, '30401515598319', 'MD. Zakaria', 'zakariaahmedwm21@hotmail.com', '$2y$10$bm2kU/Q5RqYR/vCxSvNt9ODzNNLafQv5/NXoJUwbirTancdmpkj.G', 5, 1, 791, 'gce-2390/16', 'M', '01831000663', 'AB Positive', NULL, 'MD. Abul Hossain', '01777097091', 1, 1, '2018-02-24 19:46:35', '2018-02-24 19:46:35'),
(142, '30401515598319', 'Mehedi Hasan Shihan', 'mahedihasanshihan9@gmail.com', '$2y$10$To9kMs7xqfA/2NUa8nZAaOaXPi1bej8TGBRiI3jiQPgCdKk6NlVQu', 4, 3, 737, 'gce-2337/16', 'M', '01992192819', 'O Positive', NULL, 'Rukan uddin', '01843607228', 1, 1, '2018-02-24 19:51:59', '2018-02-24 19:51:59'),
(143, '30401515598319', 'Ahsanul Hasan', 'ahsanulhasan4@gmail.com', '$2y$10$ae5GfTPtTGzgcoSxncFZWuKZqcmmZoz.xKl5vm8RdJVh.o0H4Fg7a', 4, 4, 738, 'gce-2338/16', 'M', '01689659663', 'O Positive', NULL, 'Abdus Samad', '01953877383', 1, 1, '2018-02-24 19:57:02', '2018-02-24 19:57:02'),
(144, '30401515598319', 'MD. Imtiaz Hosen', 'nvbhhsdh@gmail.com', '$2y$10$Dqm91ORkWUYOe.fiHAjtPuFyM1EKs0w7pc0l3yXrlKgLiy8CECGKG', 5, 3, 793, 'gce-2392', 'M', '01778761747', 'B Positive', NULL, 'A.K.M Abul Hosen', '01714293779', 1, 1, '2018-02-24 19:59:32', '2018-02-24 19:59:32'),
(145, '30401515598319', 'Xxxx', 'xxxx@gmail.com', '$2y$10$GTs8kYTRANjhVdlsOx0ya.rG2ureCN0FBI404u32f39KvsmpSQxje', 4, 5, 739, 'gce-2339/16', 'M', '01000000000', 'Unknown', NULL, 'xxxx', 'xxxxxxxx', 1, 1, '2018-02-24 20:00:38', '2018-02-24 20:00:38'),
(146, '30401515598319', 'Ashikur Rahman', 'asikurrahman88152@gmail.com', '$2y$10$FX49WbdiY2jXD7rFLp4P8.06kHLpd0avCuzi8o8RDLPBHhcnVfflK', 4, 6, 740, 'gce-2340/16', 'M', '01681141675', 'A Positive', NULL, 'Anwar Hossain', '01684724816', 1, 1, '2018-02-24 20:04:03', '2018-02-24 20:04:03'),
(147, '30401515598319', 'Shahobuj Letan', 'irfan.sakil@yahoo.com', '$2y$10$uwdM6KiIx14Wo9/P.hV9I.oEXW1lZxNqwMADfDXeoDGgg7YNHnZgS', 5, 5, 795, 'gce-2393', 'M', '01794760963', 'AB Positive', NULL, 'Azizul Islam', '01732445471', 1, 1, '2018-02-24 20:06:18', '2018-02-24 20:06:18'),
(148, '30401515598319', 'Md. Parvez Alam', 'parvezju12@gmail.com', '$2y$10$U18wua8rPBBX9IIePkvAJ.6qohU/11fmyznOh8PR7W0tIGdyqgl2W', 4, 8, 741, 'gce-2342/16', 'M', '01933192837', 'B Positive', NULL, 'Abdul Kuddus', '01933192837', 1, 1, '2018-02-24 20:08:27', '2018-02-24 20:08:27'),
(149, '30401515598319', 'Rayhan Chowdhury', 'rayhanchoudhury379@gmail.com', '$2y$10$jnyxMGak.f/1hro.UZMrlulyrKRGkz2E3IaAKaNzxhWxTLjPcZjge', 5, 6, 796, 'gce-2395', 'M', '01685143618', 'O Positive', NULL, 'Md.Babul choudhury', '01775120931', 1, 1, '2018-02-24 20:09:55', '2018-02-24 20:09:55'),
(150, '30401515598319', 'Helal Uddin Shamim', 'helaluddinshamim123.gb@gmail.com', '$2y$10$y6vGuwZONuhMRj2bLydwI.I515F9qFnjenp7gjuQfbPtZ8267G03W', 5, 7, 797, 'gce-2396', 'M', '01953106491', 'A Positive', NULL, 'Harunor Rashid', '01953106491', 1, 1, '2018-02-24 20:12:54', '2018-02-24 20:12:54'),
(151, '30401515598319', 'Tahir Zaman Khan', 'tahirjamankhan@gmail.com', '$2y$10$zDm1s2laDu4JHtD7eEw2cOcTt2ANhPDzEYUG52vsRpF.ctp0dLlKK', 4, 9, 742, 'gce-2343/16', 'M', '1734144695', 'O Negative', NULL, 'Md. bodiruzzaman Khan', '01745784642', 1, 1, '2018-02-24 20:13:52', '2018-02-24 20:13:52'),
(152, '30401515598319', 'MD.Parves Mosarrof', 'afrididip3@gmail.com', '$2y$10$Vu2.uXidmcQiB32kUO.tzOnTfPqBsrh04.u33QEvfJPgvhStSmJGG', 5, 8, 798, 'gce-2397', 'M', '01744455718', 'O Positive', NULL, 'MD. Abul Kalam Azad', '01591142461', 1, 1, '2018-02-24 20:16:27', '2018-02-24 20:16:27'),
(153, '30401515598319', 'Nusrat Jahan Tumpa', 'nusratkabir2017@gmail.com', '$2y$10$O8WFz4ZzSSiOqvXf/wVP0.51YCnhNi5KBPkDINo7Xl0MFQWytMuj6', 4, 12, 744, 'gce-2347/16', 'F', '1942556313', 'B Positive', NULL, 'AR. Humayun Kabir', '01924156328', 1, 1, '2018-02-24 20:16:54', '2018-02-24 20:16:54'),
(154, '30401515598319', 'Sahaloddin Ahmed', 'sojol86@gmail.com', '$2y$10$MWGjjhOtLZVP6JNDJJC7yeMb9oJqHAOJqrZAQc6miYC1OFHl8SfaW', 4, 14, 745, 'gce-2348/16', 'M', '01980528304', 'B Positive', NULL, 'Eman Ali', '01712223037', 1, 1, '2018-02-24 20:19:34', '2018-02-24 20:19:34'),
(155, '30401515598319', 'S.M Asikur Rahman', 'smasikur111@gmail.com', '$2y$10$kXKF5zZwWghJLDnM8eiIBOeNkDQivjvUopu7OZCQdH2MOPcH5eEei', 4, 15, 746, 'gce-2349/16', 'M', '017955821', 'B Negative', NULL, 'Abdul Khaleque', '01734766776', 1, 1, '2018-02-24 20:23:04', '2018-02-24 20:23:04'),
(156, '30401515598319', 'MD.Eftak Harul Haque Shovon', 's.mshovon77@gmail.com', '$2y$10$lsHzp5aIiF75U7IIF7XRoeDVvUKUkLGjMUClR2PYocifOXBdaX8Gu', 5, 9, 799, 'gce-2398', 'M', '01677696271', 'O Positive', NULL, 'MDS. Ahsanul Haque Evan', '01672127196', 1, 1, '2018-02-24 20:23:14', '2018-02-24 20:23:14'),
(157, '30401515598319', 'Xxxx', 'xxxxx@gmail.com', '$2y$10$8Fh78HSyRS1kBMrXju.BbemdWlwKlo4ExlT6qDM5OEHlU6Rm68.Na', 4, 1, 747, 'xxxxxxxxx', 'M', '01000000000', 'Unknown', NULL, 'xxxx', 'xxxxxxxx', 1, 1, '2018-02-24 20:25:47', '2018-02-24 20:25:47'),
(158, '30401515598319', 'Runa Saha', 'runakanshall@gmail.com', '$2y$10$MZ0sO98vQl9O6wDDm6rmGOsVMdB2V3WCMADVljgj1.Pnrr9nUT28m', 5, 10, 800, 'gce-2399', 'F', '01700530278', 'O Positive', NULL, 'Ranjit Saha', '01735483964', 1, 1, '2018-02-24 20:26:07', '2018-02-24 20:26:07'),
(159, '30401515598319', 'Trdtdhgfdh', 'tdxrtgwsrtghd@gmail.com', '$2y$10$Oluvf4/byUUHytvoZlaffOGjR6hKAA5FrsZfX6fxuNIheNFqrhbvG', 5, 11, 801, 'gce-2400', 'M', '07856736523', 'O Positive', NULL, 'dthchggftrf', '087675435254', 1, 1, '2018-02-24 20:27:31', '2018-02-24 20:27:31'),
(160, '30401515598319', 'Angon Chandra Barmon', 'angkon3031@gmail.com', '$2y$10$FG/7MRcMGCykl1dzgNmqCuiKu3Vl5Rns7sYEA/G/onVST6fVOzH3.', 5, 12, 802, 'gce-2401', 'M', '01776035457', 'A Positive', NULL, 'Iswar chandra barmon', '01998590945', 1, 1, '2018-02-24 20:29:59', '2018-02-24 20:29:59'),
(161, '30401515598319', 'Ahram Hosain', 'ahram5034@gmail.com', '$2y$10$GIuoe5he7smWD5yKPlRi0.gYnTD3M4kB5dtNR8vbP31CLN0HIb2oq', 4, 18, 748, 'gce-2353/16', 'M', '01996010667', 'A Positive', NULL, 'MIzanur Rahman', '01674530111', 1, 1, '2018-02-24 20:31:17', '2018-02-24 20:31:17'),
(162, '30401515598319', 'Emon Ahamed Likhon', 'likhonahamed1996@gmail.com', '$2y$10$u6HuoLVMJtPZLK8pgU2y6eKK11YtPTYVTa2vaKA3kTf/mVDQIj.ci', 5, 13, 803, 'gce-2402', 'M', '01785020543', 'O Positive', NULL, 'MD. Edris Ali', '01716412015', 1, 1, '2018-02-24 20:32:32', '2018-02-24 20:32:32'),
(163, '30401515598319', 'Md. Emran Hossain', 'zzzz@gmail.com', '$2y$10$mi0NdGqiiUcI5DpKR9Jw.uRAu0sFY8gieRK6cUBV8PpfpoqJrGAjW', 4, 20, 749, 'gce-2354/16', 'M', '01941603129', 'O Positive', NULL, 'MS. Nasima begem', '01941603129', 1, 1, '2018-02-24 20:34:13', '2018-02-24 20:34:13'),
(164, '30401515598319', 'MD. Habibur Rahman', 'habiburrahman0394@gmail.com', '$2y$10$9Z8vuJAinW9yScp7yRttBOinm7qBRGuqO3Y5hCypnsDaNn3rmV/F.', 5, 16, 806, 'gce-2405', 'M', '01965402296', 'O Positive', NULL, 'Nazmul Hossain', '01916747137', 1, 1, '2018-02-24 20:36:40', '2018-02-24 20:36:40'),
(165, '30401515598319', 'Sohel Rana Sajib', 'sajib.sohelrana21@gmail.com', '$2y$10$i0gE1jEU6VVdZTqtz6uZV.VbhY7lJJ.uU8YfRMC3M3ETpumet5sKS', 4, 21, 750, 'gce-2355/16', 'M', '01825979759', 'O Positive', NULL, 'Md. Golam Mostofa', '01737613554', 1, 1, '2018-02-24 20:36:48', '2018-02-24 20:36:48'),
(166, '30401515598319', 'Lima Khatun', 'limakahtun42@gmail.com', '$2y$10$/r/O.sJoi63JyZGEo/e98eP3FULXBrgr7IU/CWZCKs9h56al5RrUS', 5, 17, 807, 'gce-2406', 'F', '01733672642', 'O Positive', NULL, 'Nurnobi Akando', '01726210228', 1, 1, '2018-02-24 20:39:28', '2018-02-24 20:39:28'),
(167, '30401515598319', 'Airin Akter Alo', 'airinalo58@gmail.com', '$2y$10$sBXmUKdPMQwBE8G6waqmx.Eg6EytvV3p2SWAug4H0U7nB3wkVzbXK', 4, 23, 751, 'gce-2357/16', 'F', '01623285846', 'O Positive', NULL, 'Md. Abul hossain', '01674740384', 1, 1, '2018-02-24 20:39:51', '2018-02-24 20:39:51'),
(168, '30401515598319', 'Ashraf Mahmud', 'ashrafgnd01@gmail.com', '$2y$10$AvL/tDA2WF4588GdLAvufOTbVjipIiHksOeqX9lFIvSn771kqx2Iu', 5, 18, 808, 'gce-2407', 'M', '01734161317', 'AB Positive', NULL, 'Md. Ismail Mollah', '01792154740', 1, 1, '2018-02-24 20:41:48', '2018-02-24 20:41:48'),
(169, '30401515598319', 'Lamia Kasem Tisha', 'xxxxxxx@gmail.com', '$2y$10$Lk1FmLPVixJPzYCZVtKotugo7PZEjx8FRZ0KmI56l8tS4m/Extf1G', 4, 24, 752, 'gce-2358/16', 'F', '01959206129', 'O Positive', NULL, 'Md. Abul Kashem', '01711688766', 1, 1, '2018-02-24 20:43:57', '2018-02-24 20:43:57'),
(170, '30401515598319', 'Xxxxxxxxxxxxx', 'ddddddddd@gmail.com', '$2y$10$oyp/ZnYA3SSD4LzAI71h9uvv6AJpH1RTHowLVX6JOjfINrMBdL0ui', 4, 25, 753, 'xxxxxxxxxxx', 'M', '01000000000', 'Unknown', NULL, 'cccccccc', 'cccccccccccccc', 1, 1, '2018-02-24 20:46:22', '2018-02-24 20:46:22'),
(171, '30401515598319', 'Afrina Ahmed Bristy', 'afrinaahmedbristy@gmail.com', '$2y$10$THerdQES7gt2l9kVI5v.hewcU3NtQHy4f7w/wG/M7EDIiDmq/f.jy', 5, 19, 809, 'gce-2408', 'F', '01720126669', 'A Positive', NULL, 'Soroj Ahmed', '01925070728', 1, 1, '2018-02-24 20:46:42', '2018-02-24 20:46:42'),
(172, '30401515598319', 'Antar Chandra Sarkar', 'antar.sarkar352@gmail.com', '$2y$10$mhjRyNQhCeWNIqablkg.4.J9a7ze3oEiR8qKXqgG533tI.ypnTowO', 4, 26, 754, 'gce-2360/16', 'M', '01793110555', 'A Positive', NULL, 'Vubon Chandra Sarkar', '01819992098', 1, 1, '2018-02-24 20:49:37', '2018-02-24 20:49:37'),
(173, '30401515598319', 'Ritu Sultana', 'ritusultranacse@gmail.com', '$2y$10$YomZV.M.n6uBuOdYY5VfuurlerSFWlOpIFISPHjeAU54n4VUBNfTe', 5, 20, 810, 'gce-2409', 'F', '01956121278', 'B Positive', NULL, 'MD. Sajib Khan', '01632338000', 1, 1, '2018-02-24 20:49:55', '2018-02-24 20:49:55'),
(174, '30401515598319', 'Md. Mohsin Alam', 'i-nrob@gmail.com', '$2y$10$NmLRRZZtgeH.aBchp4XDSuxphjNrpomuXjoS7oObVZ3eTINI3pCT.', 4, 28, 756, 'zzzzzzzzzzzzzzz', 'M', '01926713177', 'O Positive', NULL, 'Md. Mosarral Hossain', '01632065535', 1, 1, '2018-02-24 20:52:43', '2018-02-24 20:52:43'),
(175, '30401515598319', 'Mowsumi Kona', 'kohonakona89@gmail.com', '$2y$10$r8UlU0hblNsNlVrbXVh67e9mVlxnalnnkfhQd7Qgtg6OImXm1S9EW', 5, 21, 811, 'gce-2410', 'F', '01955305489', 'A Positive', NULL, 'Moazzem Hossain', '01722175679', 1, 1, '2018-02-24 20:53:42', '2018-02-24 20:53:42');
INSERT INTO `students` (`id`, `supervisor_id`, `name`, `email`, `password`, `batch_id`, `class_roll`, `exam_roll`, `reg_no`, `gender`, `phone`, `blood_group`, `image`, `guardian`, `guardian_contact`, `is_present`, `is_active`, `created_at`, `updated_at`) VALUES
(176, '30401515598319', 'Sohana Akter Liza', 'sohanaimroz888@gmail.com', '$2y$10$Lzhpxm3TbL7YcytlLtbuoeEn/qlSFgTtiaqIZiTTH5anhM4XGRVDy', 4, 30, 757, 'gce-2364/16', 'F', '01713570890', 'O Positive', NULL, 'Mosiqur Rahman', '01713570890', 1, 1, '2018-02-24 20:55:31', '2018-02-24 20:55:31'),
(177, '30401515598319', 'Abdullah Al Mamun', 'abmamun274@gmail.com', '$2y$10$AcrlLGeIe3qdq3FWbbKDd.IqQjB5X1C5wIkhSAxoOcY1Cudy7X3O2', 5, 22, 812, 'gce-2411', 'M', '01517034684', 'A Positive', NULL, 'Md. Abdul Hossain', '01734344958', 1, 1, '2018-02-24 20:57:30', '2018-02-24 20:57:30'),
(178, '30401515598319', 'Nazrul Islam', 'nazrulkabbo@gmail.com', '$2y$10$kbSoenYSK14LFb4XPbNYGOF01i..s3aOLVpuwr0jV7UKM5Ib4fkZi', 4, 31, 758, 'gce-2365/16', 'M', '01688754757', 'O Positive', NULL, 'Farida Begum', '01780254568', 1, 1, '2018-02-24 20:57:55', '2018-02-24 20:57:55'),
(179, '30401515598319', 'Quazi Sadia Hassan', 'quazisadia1996@gmail.com', '$2y$10$IDkatxKZuu5TkPb311Z.OOaOhvJ//PRdAE1x.oUSwL3BiLxawPNP6', 5, 24, 814, 'gce-2413', 'F', '01612262817', 'A Positive', NULL, 'S.M Asif-Bin Azad', '01614204366', 1, 1, '2018-02-24 20:59:51', '2018-02-24 20:59:51'),
(180, '30401515598319', 'Dollon Mandal', 'dallanmandal123@gmail.com', '$2y$10$LPqg3W2B2UGmgIGxWhHF6ONGVIkr9rEn0AcZCUdFNk9KtTluXi5Ji', 4, 34, 761, 'gce-2368/16', 'M', '01799923412', 'B Positive', NULL, 'Dilip Kumar Mandal', '01739435397', 1, 1, '2018-02-24 21:00:11', '2018-02-24 21:00:11'),
(181, '30401515598319', 'Md. Nur-Alom', 'nuralam125963@gmail.com', '$2y$10$x82mtJotoAOd2uCmly2gg.lf9VCAQTzbEwFv3Zz0EGQ6XEM6/SOU6', 5, 25, 815, 'gce-2414/16', 'M', '01710421089', 'AB Positive', NULL, 'Md. Abdul Khaleque', '01855610548', 1, 1, '2018-02-24 21:07:00', '2018-02-24 21:07:00'),
(182, '30401515598319', 'Arif Mallik', 'mdarifmallik2@gmail.com', '$2y$10$Af/wtmLfZjiazirgzn.ss.b7C46GWjYRN2kUya7xrS7JOK5i7mFbm', 4, 35, 762, 'gce-2369/16', 'M', '01779620820', 'O Positive', NULL, 'Lipi Begum', '01725862375', 1, 1, '2018-02-24 21:09:36', '2018-02-24 21:09:36'),
(183, '30401515598319', 'Mehedi Hasan Munna', 'mhmunna41@gmail.com', '$2y$10$J373mkScnc2349/EHUiB5.Oxs1k3FxPmeRCV8LLL.f.ZWWq9kUKsa', 5, 26, 816, 'gce-2415/16', 'M', '01627159910', 'A Positive', NULL, 'Zahid Hasan Sarkar', '01907761071', 1, 1, '2018-02-24 21:11:55', '2018-02-24 21:11:55'),
(184, '30401515598319', 'Atikur Rahman Anik', 'vvvvvv2@gmail.com', '$2y$10$VxncitZ.46bIa6s894Zju.WdDGjybfSVSIrp9.v685Hwk0Nm/IHry', 4, 36, 763, 'gce-2370/16', 'M', '01742462718', 'B Positive', NULL, 'Shahidul Aslam', '01521307468', 1, 1, '2018-02-24 21:12:43', '2018-02-24 21:12:43'),
(185, '30401515598319', 'Akash Ghas', 'zxzxzxzx@gmail.com', '$2y$10$RTJR4WlLqugz5F/A8q2o9.S2bvAPGyn4DHWZP3P1GylGavOAl4Udq', 4, 37, 764, 'gce-2371/16', 'M', '01684865988', 'B Positive', NULL, 'Bimal Ghosh', '01937304630', 1, 1, '2018-02-24 21:15:35', '2018-02-24 21:15:35'),
(186, '30401515598319', 'Durga Pramanik', 'swmini017@gmail.com', '$2y$10$dtxsAsc64bssKJ7zKelDyehkckPO3y5UHLivhOOglE3koV5YUU7Oy', 5, 28, 817, 'gce-2417/16', 'F', '0170692203', 'A Positive', NULL, 'Taposhi Pramanik', '01726353903', 1, 1, '2018-02-24 21:16:51', '2018-02-24 21:16:51'),
(187, '30401515598319', 'MD. Zosim Uddin', 'josim7339@gmail.com', '$2y$10$wjuI3arrDJNGbg.UfeU0JO4P6DT.LS3QJsnwumf1VSVSIEoUDdj5a', 5, 29, 818, 'gce-2418/16', 'M', '01764831804', 'O Positive', NULL, 'MD., Amran Ali', '01761700233', 1, 1, '2018-02-24 21:21:20', '2018-02-24 21:21:20'),
(188, '30401515598319', 'Mahbub Alam', 'mahabubalampk3@gmail.com', '$2y$10$2DRKSsUpy0KhjM09cwOPJ.l/okgGoUQMGhErQo/4X.YlOfxOKUmd.', 5, 30, 819, 'gce-2419/16', 'M', '01961746155', 'B Positive', NULL, 'Mazeda Bagom', '01777394349', 1, 1, '2018-02-24 21:26:45', '2018-02-24 21:26:45'),
(189, '30401515598319', 'Abidur Rahman', 'abidurabidur97@gmail.com', '$2y$10$GqlH8wrC8guK0xbZk25JOe9NXqN9R.1XnwH2gja9LejpQk56nvZIe', 4, 38, 765, 'gce-2373/16', 'M', '01611409930', 'AB Negative', NULL, 'Atwer Rahman', '01736418285', 1, 1, '2018-02-24 21:32:11', '2018-02-24 21:32:11'),
(190, '30401515598319', 'Shuvo Mistry', 'leetwhitepanda2@gmail.com', '$2y$10$KqblN2CkBMEkWQxs3pSbFeIe1D8OItn3iyGggnc76un6iqu8AIH5q', 5, 31, 820, 'gce-2420/16', 'M', '017765580009', 'B Positive', NULL, 'Arun Kanti Mistty', '01961133349', 1, 1, '2018-02-24 21:32:28', '2018-02-24 21:32:28'),
(191, '30401515598319', 'Tapus Chandra Mandal', 'taposchandra88@gmail.com', '$2y$10$OOGJVNMcHehBHw8CjqF1VOqI3CdVM92D5dxy1v2IVSL15h64l2IRi', 5, 32, 821, '2421', 'M', '01798444675', 'B Positive', NULL, 'Manik Sarkar', '01715865005', 1, 1, '2018-02-24 21:35:52', '2018-02-24 21:35:52'),
(192, '30401515598319', 'Sumon Mahmud', 'sumonhasan7205@gmail.com', '$2y$10$S7YHVQEEdCQI01m57rFHU.stE8jrcw/U2sQhFfGiCWC2kWCa7HWJ6', 5, 33, 822, '2422', 'M', '01792154740', 'A Positive', NULL, 'Abdul Mannan', '01840733608', 1, 1, '2018-02-24 21:39:04', '2018-02-24 21:39:04'),
(193, '30401515598319', 'Sumona Aktar', 'hmnassssssssy@gmail.com', '$2y$10$Qv9Q1O.0I9xZUigovS6mbObhFScgx1Xf36AwkfFjho2apapph7Zje', 5, 34, 823, 'gce-2423/16', 'F', '01777000403', 'A Positive', NULL, 'Abdul Awal Bhuiyan', '01939905372', 1, 1, '2018-02-24 21:42:10', '2018-02-24 21:42:10'),
(194, '30401515598319', 'Md. Afrain Kabir', 'afrain.samran@gmail.com', '$2y$10$f3YR2/OM2eeJUm82iaSYAewztzHN4rtQNDGiS8mgpRqlV25UM.02q', 4, 39, 766, 'gce-2374/16', 'M', '01781889046', 'A Positive', NULL, 'Alamgir Kabir', '01711664542', 1, 1, '2018-02-24 21:45:09', '2018-02-24 21:45:09'),
(195, '30401515598319', 'Mrinal Debnath', 'mrinaldebnath52@gmail.com', '$2y$10$6m2iWh9B7toHBr04UWyyLOWB6Zb5v5hJKJUBwVsFcOB.Gs60hlhg6', 5, 35, 824, 'gce-2424/16', 'M', '01752423376', 'O Positive', NULL, 'Manabendra Debnath', '01734738062', 1, 1, '2018-02-24 21:46:41', '2018-02-24 21:46:41'),
(196, '30401515598319', 'Abdul Nain', 'naimjoander439@gmail.com', '$2y$10$IapMyL8B33q.BF/QGVcmC.MDMkrTo.tnmIPe858DRf.Q1cAhL.SIW', 5, 36, 825, 'gce-2425/16', 'M', '01911886333', 'Unknown', NULL, 'MD Nazmul Hosain', '01711375669', 1, 1, '2018-02-24 21:50:01', '2018-02-24 21:50:01'),
(197, '30401515598319', 'Efgjrfgue', 'hsafvejhghj@gmail.com', '$2y$10$T6Q9evAuNJJjSQsThtozpuOKBVoD5Gqn7HAOmc1fxLKV9MNYEcrzy', 5, 37, 826, 'gce-2426/16', 'M', '065854753', 'Unknown', NULL, 'yhdfgdfhzz', '083459279', 1, 1, '2018-02-24 21:51:39', '2018-02-24 21:51:39'),
(198, '30401515598319', 'Debabroto Sarkar Apu', 'apurboredoy@gmail.com', '$2y$10$RvHqA0BBscFZ/00dIH4eK.363Vpi/Wk.v/x2aK0JWLyVnhFFaCmCm', 4, 41, 768, 'gce-2375/16', 'M', '01986595502', 'O Positive', NULL, 'Dhirendra Nath', '0185055562', 1, 1, '2018-02-24 21:52:05', '2018-02-24 21:52:05'),
(199, '30401515598319', 'Dgtdgtdf', 'nbcgfsert@gmail.com', '$2y$10$47J4LUX3TGpv0DtLmujgFugSD/0Vj70ZxASYYCrCt.J1U8yaMeBYq', 5, 23, 813, 'gce-2412', 'M', '90789876574', 'Unknown', NULL, 'hyfhtedytds', '9867845632', 1, 1, '2018-02-24 21:55:37', '2018-02-24 21:55:37'),
(200, '30401515598319', 'MD.Naim Ahmed', 'mdnaeem.ahmed258@gmail.com', '$2y$10$1Cj4dMe3GXJUHsBAZbLtlunzE/ALZ3RdIw6f7TXgPazaKJBITozHy', 4, 42, 769, 'gce-2376/16', 'M', '01919840258', 'B Negative', NULL, 'MD.Rafiqual Islam', '01671710175', 1, 1, '2018-02-24 21:57:37', '2018-02-24 22:03:37'),
(201, '30401515598319', 'Kaushiqur Rahman', 'kaushiqued@gmail.com', '$2y$10$2CWJF.qOBp3lvBB5nAUseOhufXbB2AEf4aOPDzXRhTSJXGD5HAEA6', 4, 44, 771, 'gce-2378/16', 'M', '01957964353', 'B Positive', NULL, 'MD. Osman Goni', '01916547309', 1, 1, '2018-02-24 22:07:53', '2018-02-24 22:20:38'),
(202, '30401515598319', 'Monica Talukdar', 'monicatalukderex772@gmail.com', '$2y$10$.9Qgoz9p.QC9ORhQIXCi1uBtmpsMkgORRMPYb.m2N6NWCtTqzq0jW', 4, 44, 771, 'gce-2379/16', 'F', '01904614664', 'B Positive', NULL, 'MD. Mizan Sharif', '01903536078', 1, 1, '2018-02-24 22:17:43', '2018-02-24 22:17:43'),
(203, '30401515598319', 'MD. ABDULLAH AL MAMUN', 'abc@gmail.com', '$2y$10$hziNNskkJyvbRPohwqNgpOs/n27UWBK1705XqBLY2dMADROxzpaPu', 4, 46, 773, 'gce-2380/16', 'M', '01832618243', 'A Positive', NULL, 'MD. ABDUL  MALEK', '01773515394', 1, 1, '2018-02-24 22:25:32', '2018-02-24 22:25:32'),
(204, '30401515598319', 'Rakibul Islam Rupom', 'smrupomislam@gmail.com', '$2y$10$UXDSxJsqCxhYIPwnFSZfs.zDc02lGJFmfva6iSPxe52sdqc/tvcSa', 4, 48, 775, 'gce-2382/16', 'M', '01737865956', 'B Positive', NULL, 'MD.Nazrul Islam', '01710609859', 1, 1, '2018-02-24 22:29:41', '2018-02-24 22:29:41'),
(205, '30401515598319', 'MD. Arifur Rahman', 'arifurrahmanrabby9550@gmail.com', '$2y$10$WZyANFYJatsnmz/eBgiaaOlaioRT8f3BOajYpDy8pKa6/HLIWCMMG', 4, 49, 776, 'gce-2383/16', 'M', '01704646569', 'B Positive', NULL, 'MD.Motiur Rahman', '01744558583', 1, 1, '2018-02-24 22:45:40', '2018-02-24 22:45:40'),
(206, '30401515598319', 'Naima Ferdous Moon', 'naimamoon777@gmail.com', '$2y$10$JPQGJB2KRgbWsToohPrRnuSzTQX.v71CoN6e.8e/SD6vQ.y2ZWqC2', 4, 50, 777, 'gce-2384/16', 'F', '01981280107', 'O Positive', NULL, 'MD. Mizanur Rahman', '01925231122', 1, 1, '2018-02-24 22:49:31', '2018-02-24 22:49:31'),
(207, '30401515598319', 'Hridoy Kumar Sarker', 'hridoysarker96@gmail.com', '$2y$10$dKuh7QCvMT0eVrBTEYBan.HD/IqSS8CPyXd3/yJbmOcVL32IWGx1O', 4, 43, 770, 'gce-2377/16', 'M', '01796347628', 'A Positive', NULL, 'Sushanto Kumar Sarker', '01746646640', 1, 1, '2018-02-24 22:52:42', '2018-02-24 23:07:13'),
(208, '25221517908462', 'Nurun Nahar Sonia', 'none@gmail.com', '$2y$10$g2N.gy5tJO91OYDYgSjJeeQW3jb2enYwfGvip2DcjaN5StZPis1my', 3, 6, 660, 'gce-2250/15', 'F', '01771693246', 'AB Positive', NULL, 'MD Shahab Uddin', '01732407025', 1, 1, '2018-02-25 23:35:33', '2018-02-25 23:35:33'),
(209, '25221517908462', 'Safik Hasan', 'mdsafikhasann@gmail.com', '$2y$10$Xm1TRljuYxEFtIBG5Dk2p.OmlbrkvTZXSYFGDnoc32UNusxeCRk2y', 3, 11, 663, 'gce-2255/15', 'M', '0172020754', 'O Positive', NULL, 'Sirazul Islam', '01719809688', 1, 1, '2018-02-25 23:44:48', '2018-02-25 23:44:48'),
(210, '25221517908462', 'Tanjina Iffat Tamim', 'tanjinatamim@gmail.com', '$2y$10$yKavhbgZJ1ixDFU97VIwR./EtnXWgGiCkM9AGIJ9NHuCjoAARQoFe', 3, 13, 664, 'gce-2257/15', 'F', '0183448400', 'A Positive', NULL, 'Beauty Akter', '01787316088', 1, 1, '2018-02-25 23:50:54', '2018-02-25 23:50:54'),
(211, '25221517908462', 'Tanvir Siddiki Riyad', 'tanvirsiddikiriyad@gmail.com', '$2y$10$bd9QPJrBjcxIZtsNckhxeer9dy/Q0emogYoWCJS79tuMyMUSEALw2', 3, 14, 665, 'gce-2258/15', 'M', '01939267188', 'B Positive', NULL, 'None', '01717782468', 1, 1, '2018-02-25 23:54:09', '2018-02-25 23:54:09'),
(212, '25221517908462', 'MD Abdul Ahad Khan Rifat', 'rifat.khan0073@gmail.com', '$2y$10$JpcCyaDTwqt1mimy0BL2g.CBgh3tywtOVyLJ1TvkymJ6uHc716yfq', 3, 15, 666, 'gce-2259', 'M', '01966999153', 'A Positive', NULL, 'Latifa Khanam', '01784235232', 1, 1, '2018-02-25 23:56:43', '2018-02-25 23:56:43'),
(213, '25221517908462', 'Farhana Baby', 'farhanababy25@gmail.com', '$2y$10$bEM7KDE2sFaiUUtP3jyIRu7Gd8Ta473AGLd3jdaYK1uOX.QG2xl6e', 3, 16, 667, 'gce-2260/15', 'F', '01727271724', 'B Positive', NULL, 'Roksana Begum', '01715865485', 1, 1, '2018-02-26 00:22:42', '2018-03-10 23:41:20'),
(214, '25221517908462', 'MD Omar Kaiyum Nayeem', 'nayeem1769@gmail.com', '$2y$10$Y/xo1EGrz/PsLYYWpxH1Xu.9t.AyGg70Dzng/ws0tfMlP9/VvFqfe', 3, 17, 668, 'gce-2261/15', 'M', '01622217525', 'B Positive', NULL, 'Md omar faruque', '01712440146', 1, 1, '2018-02-27 21:29:39', '2018-02-27 21:29:39'),
(215, '25221517908462', 'MD Sazid Parvez Rasel', 'rasel1030@gmail.com', '$2y$10$02Ie2LVttaCXICvderdEQ.gU4tkih69aQhEl406FjqLlB0f5Walhu', 3, 18, 669, 'gce-2262/15', 'M', '01961869973', 'O Positive', NULL, 'MD. Farhad Hossain', '01716274142', 1, 1, '2018-02-27 21:32:14', '2018-02-27 21:32:14'),
(216, '25221517908462', 'Md. Rashidul Islam', 'rashedul23@gmail.com', '$2y$10$ZfcS/f9/5IrJyq7fOjShpezYY2Z/vheiOKW9GILaSCazKC3UvVjbm', 6, 23, 853, 'gce-2417/17', 'M', '01931330372', 'AB Positive', NULL, 'Md. Abul Kader', '01726558036', 1, 1, '2018-02-27 21:33:08', '2018-02-27 21:33:08'),
(217, '25221517908462', 'MD. Nahidul Islam', 'nahidkhan50000@gmail.com', '$2y$10$NqeSeJFznRwxm9DI0jjHwO7bFFDCJBYvjl/1h68zpwaW0lUN81htS', 3, 19, 670, 'gce-2263/15', 'M', '01762970668', 'A Positive', NULL, 'MD. Samsul Hossain', '01761784556', 1, 1, '2018-02-27 21:34:46', '2018-02-27 21:38:13'),
(218, '25221517908462', 'Md. Dolal Hossain', 'dolal23@gmail.com', '$2y$10$C82PVvqErqxKvU71FMHwPe5JxcljC9YM4q/0ms9PQCXHnr9zxOy42', 6, 13, 779, 'gce-2347/17', 'M', '01957290870', 'A Negative', NULL, 'Md. NurMohmmad', '01686671622', 1, 1, '2018-02-27 21:36:05', '2018-02-27 21:36:05'),
(219, '25221517908462', 'Debasis Sarker', 'ds.apu01@gmail.com', '$2y$10$zS5BCAahJf2dXOGzLx..P.rwNejHqVbvR9xlgy.junZIqSRzpZyCm', 3, 20, 671, 'gce-2264/15', 'M', '01689696726', 'A Positive', NULL, 'Jyotish Chandra Sarker', '01718089315', 1, 1, '2018-02-27 21:37:23', '2018-02-27 21:37:23'),
(220, '25221517908462', 'Dewan Mohammad Nayean', 'wannayeml@gmal.com', '$2y$10$fX3y.2CRgW7SZHe1c.pz/usC1Qw.BCB2zhSWBkEq8g3rHOXDxcQ.2', 6, 3, 833, 'gce-2433/17', 'M', '01943694968', 'AB Positive', NULL, 'Najma Akter', '01943694968', 1, 1, '2018-02-27 21:41:16', '2018-02-27 21:41:16'),
(221, '25221517908462', 'Sanjida Akter', 'sanjidaakter241@gmail.com', '$2y$10$GOYd2HPTqPhYKuo/ffdKE.fVqhmHF2EnWuVC5cUXBuBA.xc8m9mva', 3, 21, 672, 'gce-2265/15', 'F', '01000000000', 'O Positive', NULL, 'Abdul Halim', '01000000000', 1, 1, '2018-02-27 21:42:36', '2018-02-27 21:42:36'),
(222, '25221517908462', 'Md Al-Hasan Rabbi', 'rabbi23@gmail.com', '$2y$10$WTdvPyCwFf03aRHdAGnT3eIRtpLJrQVqLdfsyYXXZobspv/Ge4if2', 6, 65, 908, 'gce-2495/17', 'M', '01954382378', 'Unknown', NULL, 'xxxxxxx', '01954382378', 1, 1, '2018-02-27 21:43:13', '2018-02-27 21:43:13'),
(223, '25221517908462', 'MD. Sojol', 'mdsazal.44@gmail.com', '$2y$10$XvVITvsCEGVfwmDm5T0h7.037yWTwa2b6JTAfffOSg6qXITCzDxhC', 3, 22, 673, 'gce-2266/15', 'M', '0182302415', 'O Positive', NULL, 'MD. Siddiquin Rahman', '01678677235', 1, 1, '2018-02-27 21:49:38', '2018-02-27 21:49:38'),
(224, '25221517908462', 'Rayhan Bin Firoz', 'mr.rayhan@hotmail.com', '$2y$10$21ehwmgvvo/48y4KzQVP/ed9L/yTDSS1njA4WAjulT1EXXBdmLAIS', 3, 23, 674, 'gce-2267/15', 'M', '01837261438', 'O Positive', NULL, 'Firoz Mia', '01819946662', 1, 1, '2018-02-27 21:53:24', '2018-02-27 21:53:24'),
(225, '25221517908462', 'Mehedi Hasan', 'mehedi@hotmail.com', '$2y$10$oArPTqG1cDRZd/GDpMYJ3uZfl1D4nMpeMjEpeMInli34TTEsdf6uG', 3, 25, 676, 'gce-2269/15', 'M', '01985440869', 'B Positive', NULL, 'Mamtaz Begum', '01714336339', 1, 1, '2018-02-27 21:56:01', '2018-02-27 21:56:01'),
(226, '25221517908462', 'Abdullah Al Mahdi', 'abdullahalmahdi675@gmail.com', '$2y$10$keMdwIgY4A4dooC/WeM.veW2FR4Yw49E1cuMjJTPxCx9Shv18u8EO', 3, 24, 675, 'gce-2268/15', 'M', '01947821478', 'O Positive', NULL, 'MD. Samsul Islam', '01722381888', 1, 1, '2018-02-27 22:00:48', '2018-02-27 22:00:48'),
(227, '25221517908462', 'MD. Jashim Uddin', 'jashimuddin@gmail.com', '$2y$10$5E5T1b/QEnbu6iTeQJqeUe28nmW4adp9/KlAwHSQmWaiRBSu65Rhe', 3, 27, 678, 'gce-2271/15', 'M', '01840793936', 'O Positive', NULL, 'MD. Abdus Salam', '01992422402', 1, 1, '2018-02-27 22:04:39', '2018-02-27 22:04:39'),
(228, '25221517908462', 'MD. Sanowar Hossain', 'rabin97@gmail.com', '$2y$10$.4t/GDC4NMjPThTglS2ipe5WeAFKjA2ePv9J0xEA1mlN01Mwj1cyK', 3, 28, 679, 'gce-2272/15', 'M', '01723707928', 'B Positive', NULL, 'MD. Delowar Hossain', '01722992586', 1, 1, '2018-02-27 22:09:39', '2018-02-27 22:20:53'),
(229, '25221517908462', 'Maruf Hassain', 'maxmaruf123@gmail.com', '$2y$10$ysxaaI0ajmC2CJ.IeNnR5.hpzd2GAef9jEIDdMeJaYiPNJ6giQRH2', 3, 30, 680, 'gce2274/15', 'M', '01926701844', 'B Positive', NULL, 'MD. Matir Rahaman', '017522359', 1, 1, '2018-02-27 22:13:46', '2018-02-27 22:20:12'),
(230, '25221517908462', 'MD Noman Hasan', 'nomanhasan52@gmail.com', '$2y$10$CenV6AWbjkQAxxB2PoxJquid8pQgOUsMnG1eNDZmvYjAMVVfk3ZMW', 3, 32, 681, 'gce-2276/15', 'M', '01718636840', 'B Positive', NULL, 'MD Absul Khaleque', '01712823609', 1, 1, '2018-02-27 22:19:39', '2018-02-27 22:19:39'),
(231, '25221517908462', 'MD. Mainul Hassan Salehin', 'mainul007ms@gmail.com', '$2y$10$JsXTltBWFurtY4NfR03zg.VIPS74w1CIl.qWd/gnkJUJaU.gIzLj2', 3, 33, 682, 'gce-2277/15', 'M', '01685224605', 'O Positive', NULL, 'MD. Asadul Kabir', '01719084346', 1, 1, '2018-02-27 22:24:11', '2018-02-27 22:24:11'),
(232, '25221517908462', 'MD Delowar Hossain', 'none1@gmail.com', '$2y$10$qUb0sfTi2EQDto4e6frzaunrGhogvkIjPDG1ZCelk4Jmw4f18vlTW', 3, 34, 683, 'gce-2278/15', 'M', '01936270025', 'O Positive', NULL, 'MD Sona Mia', '01795680307', 1, 1, '2018-02-27 22:30:02', '2018-02-27 22:30:02'),
(233, '25221517908462', 'Samin Nahar', 'sarmincse95@gmail.com', '$2y$10$YpCOjjZwjtpi.NYNG6zUIOb287nW98rmOY8p1iiVmu8.wz.9P1D2W', 3, 35, 684, 'gce-2279/15', 'F', '01763216965', 'A Positive', NULL, 'S.M Abdul Bari', '01722126373', 1, 1, '2018-02-27 22:32:31', '2018-02-27 22:32:31'),
(234, '25221517908462', 'S.M Shadman Islam', 'smis404@gmail.com', '$2y$10$xoNvtRq3mCasZ9OtC3S1r.E5EmrWfvL3SrUDcfmjfPXis5ei5W3y.', 3, 37, 685, 'gce-2281/15', 'M', '01959426157', 'A Positive', NULL, 'A.K.M Aminul Islam', '01715717129', 1, 1, '2018-02-27 22:35:50', '2018-02-27 22:35:50'),
(235, '25221517908462', 'MD. Shojib Ahmed', 'rafiqulkabir@gmail.com', '$2y$10$IlFIs.siFU8RjZOuKDa1leSHs1vjEDZyaOLvzi9uNelTkl7DTQ7v.', 3, 38, 686, 'gce-2282/15', 'M', '01763273873', 'O Positive', NULL, 'Rafil Mia', '01981833789', 1, 1, '2018-02-27 22:39:39', '2018-02-27 22:39:39'),
(236, '25221517908462', 'MD. Ashikur Rahman', 'emonrahmanashik@gmail.com', '$2y$10$PPQzR2CPq0ceYtrqEQ/mMOeQIrRAHsDFx5zzM4lDeLsNNxucRarwK', 3, 39, 687, 'gce-2283/15', 'M', '1743297488', 'A Positive', NULL, 'Mst Nazma Begum', '0172042674', 1, 1, '2018-02-27 22:42:17', '2018-02-27 22:42:17'),
(237, '25221517908462', 'Zobayda Gulshanara', 'sathi58005800@gmail.com', '$2y$10$N.Kd1QL2J4b7YSd19T2.QeYPPLWbMcL/h7ETimXyNE25L3VDS/4je', 3, 40, 688, 'gce-2284/15', 'F', '01744387989', 'A Positive', NULL, 'Abdul Gafur', '01713717184', 1, 1, '2018-02-27 22:45:05', '2018-02-27 22:45:05'),
(238, '25221517908462', 'MD. Iqbal Hossain', 'iqbalbappy@gmail.com', '$2y$10$cK5qvtlKz7PXxmCnvY.jeenckJ3GlJ8T1kIcKhDFvxRXVsDqWhKie', 3, 43, 688, 'gce-2287/15', 'M', '01677255020', 'A Positive', NULL, 'Saidur Rahman', '01731758485', 1, 1, '2018-02-27 22:47:21', '2018-02-27 22:47:21'),
(239, '25221517908462', 'MD. Mahamudul HasanGalib', 'mohudul327@gmail.com', '$2y$10$OeamXBcJegM9HNs7xud1WeZsawVM5do5l/bQtaWzNsbOApq7LGD2i', 3, 44, 691, 'gce-2288/15', 'M', '01740027116', 'O Positive', NULL, 'MD. Mofijur Rahman', '01927402556', 1, 1, '2018-02-27 22:50:14', '2018-02-27 22:50:14'),
(240, '25221517908462', 'MD Rifat', 'crthecr1@gmail.com', '$2y$10$XeOO0VS.wus2/TMQuLnZn.SUnYFc3OlS7yk/AUVXxS0Z0/mZ4R6GK', 3, 46, 693, 'gce-2289/15', 'M', '01967499068', 'B Positive', NULL, 'MD Jisun Bari', '01767435717', 1, 1, '2018-02-27 22:52:21', '2018-02-27 22:52:21'),
(241, '30401515598319', 'Abu Baker Siddik', 'absiddik96@gmail.com', '$2y$10$3e4fQhYrL6V2TpYRch6uFOrYFmI1rWqT.UuHtkHeQQ9D38tw1/gg.', 1, 3, 544, 'gce-2123/14', 'M', '01789818108', 'B Positive', NULL, 'Md. Woasek Ali', '01777-373860', 1, 1, '2018-03-09 13:58:45', '2018-03-09 13:58:45'),
(242, '30401515598319', 'Md. Shahalam', 'shahalam6730@gmail.com', '$2y$10$iigC.sjuJOXd0ryOZMOqbulTpwVGgNo1U86oE8bBKLFM3tKbb5M2q', 1, 8, 548, 'gce-2128/14', 'M', '01961732551', 'A Positive', NULL, 'Md. Abdul Jalil', '01718-736938', 1, 1, '2018-03-09 14:01:38', '2018-03-09 14:01:38'),
(243, '30401515598319', 'H.M. Somee Kawsar Mobin', 'hmkawsar559@gmail.com', '$2y$10$p.Tn4E0lIUlT7fM8J92cruV/79Fg62OiYmelf9vNr3Xph1EYcrop2', 1, 20, 559, 'gce-2140/14', 'M', '01882003828', 'O Positive', NULL, 'Md. Mahbubur Rahman', '01715-418943', 1, 1, '2018-03-09 14:03:44', '2018-03-09 14:03:44'),
(244, '30401515598319', 'Ratan Roy', 'srratan80@gmail.com', '$2y$10$Q0WashLjotukxcT7dCZJlOnsqdbPLiXzMp98oiS1vNAIdwtcajx3K', 1, 11, 551, 'gce-2131/14', 'M', '01836182418', 'B Positive', NULL, 'Rabindrawnath Roy', '01816-702928', 1, 1, '2018-03-09 14:06:39', '2018-03-09 14:06:39'),
(245, '30401515598319', 'Sudipta Saha', 'sudiptasaha591@gmail.com', '$2y$10$P/2oKg9.1Z90U1Yb8NcY1uMs0.DthP0w04x9EMnHVxGoaaU7/xPg.', 1, 13, 553, 'gce-2133/14', 'M', '01757189885', 'O Positive', NULL, 'Shudhangsa Mohan Saha', '01757-189885', 1, 1, '2018-03-09 14:10:18', '2018-03-09 14:10:18'),
(246, '30401515598319', 'Sanjay Kumar Dam', 'skdam-cse@yahoo.com', '$2y$10$/aH5lhTXKvCzetZ/VVJGLep0r5J6Me5aInlgfZS5HaOVp/gHukooO', 1, 17, 556, 'gce-2137/14', 'M', '01613203403', 'O Positive', NULL, 'Soroj Kumar Dam', '01713511161', 1, 1, '2018-03-09 14:12:16', '2018-03-09 14:12:16'),
(247, '30401515598319', 'Mir H.B. Rahman', 'ahadcr0@gmail.com', '$2y$10$6xOdUH1lNfjpx71x8EvHa.vQEYnuE6OgG0S8ZBRQasm6kIp9F5V7K', 1, 4, 545, 'gce-2124/14', 'M', '01954571053', 'A Positive', NULL, 'Ismail Dewan', '01680358510', 1, 1, '2018-03-09 14:14:01', '2018-03-09 14:14:01'),
(248, '30401515598319', 'AL-Amin Hossain Biplob', 'abiplob051@gmail.com', '$2y$10$LdHe30NYKYtBprPUXcKnn.HF7EkJ1fQ6q1gXDfLYxMVnDrzUmhQ1O', 1, 9, 549, 'gce-2129/14', 'M', '01931431373', 'B Positive', NULL, 'Md. Sumsuddin', '01716977484', 1, 1, '2018-03-09 14:16:57', '2018-03-09 14:16:57'),
(249, '30401515598319', 'Rafiqul Islam', 'golap342455@gmail.com', '$2y$10$uckxkG8jE1ZtTomXe7/uOOBQ9MS1QnRKCqgHGE3E94A7wKjy4enyy', 1, 12, 552, 'gce-2132/14', 'M', '01796493451', 'B Positive', NULL, 'Nurul Haque', '01746-946449', 1, 1, '2018-03-09 14:18:44', '2018-03-09 14:18:44'),
(250, '30401515598319', 'Md. Mahmodul Hasan', 'mahmodulhasan4090@gmail.com', '$2y$10$VFwMPQdUs9WyDKX/uVMqs.jq0KCmrcxMcijh9VXpXdcwXLRLxERu6', 2, 19, 582, 'gce-2167/15', 'M', '01934907831', 'O Positive', NULL, 'Mohammad Ali', '01778404090', 1, 1, '2018-03-09 14:26:46', '2018-03-09 14:26:46'),
(251, '30401515598319', 'Adrita Chakraborty', 'adrita7645321@gmail.com', '$2y$10$VFsUiH/hN0CgSynL6gbfrOMajXuCJObJZT/I/xfIZL8iwaxmmM.Hm', 1, 8, 497, 'gce-2065/13', 'F', '01744284830', 'B Positive', NULL, 'Nibadita Debi', '01612160378', 1, 1, '2018-03-09 14:32:33', '2018-03-09 14:32:33'),
(252, '30401515598319', 'Jhilik Kabir', 'jilkabir@gmail.com', '$2y$10$F7ZgBJ3Yn96Awsx1wwclAO1fRJgnK1rwac45wTGm89kpuvWN9PotC', 1, 25, 511, 'gce-2082/13', 'F', '01875192192', 'O Positive', NULL, 'Sonia Afroj', '01770321410', 1, 1, '2018-03-09 14:34:50', '2018-03-09 14:34:50'),
(253, '30401515598319', 'Marufa Haque', 'marufahaque42@gmail.com', '$2y$10$77UPgJS5BetqtUnaO3cqZeit85awFiXFtm9.XCb.d.fBsruaGaB2q', 1, 27, 566, 'gce-2147/14', 'F', '01947787742', 'A Positive', NULL, 'Hamida Khatun', '01918596410', 1, 1, '2018-03-09 14:36:48', '2018-03-09 14:36:48'),
(254, '30401515598319', 'Jafor Imam', 'mjimam.cse@gmail.com', '$2y$10$rx1ypaabVEfbuH0z81t/2O/hbKBLQd8XnXLHi4GKi3mlSB7GmUgee', 1, 21, 560, 'gce-2141/14', 'M', '01831973071', 'A Positive', NULL, 'Shantaj Begum', '01849480748', 1, 1, '2018-03-09 14:38:56', '2018-03-09 14:38:56'),
(255, '30401515598319', 'Ishrat Jahan', 'ij62012@gmail.com', '$2y$10$Ko8s2BqIdxoxmKwI3E0PP.nrBWgl.95RQkD56mSa.kxKeRtOlJHjG', 1, 1, 542, 'gce-2121/14', 'F', '01917770422', 'A Positive', NULL, 'D.M. Nizamuddin', '01819091383', 1, 1, '2018-03-09 14:40:56', '2018-03-09 14:40:56'),
(256, '30401515598319', 'Muhaiminul Islam', 'muhaiminul123@gmail.com', '$2y$10$ySrWjgkm8AT7gzXB3T91qO/jGgbyPeB/qZCktpwHKoFHBbhzeoKOC', 1, 24, 563, 'gce-2144/14', 'M', '01640610620', 'B Positive', NULL, 'Mahafuzul Islam', '01713586385', 1, 1, '2018-03-09 14:42:55', '2018-03-09 14:42:55'),
(257, '30401515598319', 'Afruza Akter', 'afrij0809@gmail.com', '$2y$10$fINPYfzHU8EIpWusfuUf.OEFiQQ.VEdK0QpG1DnRBGDL6nwdbJH02', 1, 2, 543, 'gce-2122/14', 'F', '01869652331', 'O Positive', NULL, 'MD Ruhul Amin', '01754127811', 1, 1, '2018-03-09 14:45:05', '2018-03-09 14:45:05'),
(258, '30401515598319', 'Sweety Akhter', 'sweetyreza38@gmail.com', '$2y$10$6qq0TAAP0N1XLQlx7lJr7em2SUOgqOdFD4J1N4cXVXslYSC14guiW', 1, 5, 546, 'gce-2125/14', 'F', '01875003364', 'A Positive', NULL, 'Md. Amir Hamza', '01715046886', 1, 1, '2018-03-09 14:47:25', '2018-03-09 14:47:25'),
(259, '30401515598319', 'Masud Reza', 'masudreza38@outlook.com', '$2y$10$1ZCWLZn3UsIlwgPnW7bL9efcgVqUdS41OpyyFbZzAg.cet0Cu8S.q', 1, 14, 554, 'gce-2134/14', 'M', '01823714141', 'B Positive', NULL, 'Md. Ruhul Amin', '01833489907', 1, 1, '2018-03-09 14:49:13', '2018-03-09 14:49:13'),
(260, '30401515598319', 'Fahad Ibne Mostafa', 'fahadrownak@gmail.com', '$2y$10$AHUoxG5rAuCjayzX1bllgODQNGDiMOtMsb4BZ4CboSzmpXKY4CqHm', 2, 25, 584, 'gce-2173/15', 'M', '01779689607', 'B Positive', NULL, 'Golam Mostafa', '01767411936', 1, 1, '2018-03-09 14:49:21', '2018-03-09 14:49:21'),
(261, '30401515598319', 'MD. Younus Ali', 'younusali668@gmail.com', '$2y$10$ZGsXAIiWu7b/oI7JwiAfauWhdkkkgTpmba/VZBw7rXavHqrBr1DCO', 1, 19, 558, 'gce-2139/14', 'M', '01675010201', 'B Positive', NULL, 'MD Dulal Mia', '01711029979', 1, 1, '2018-03-09 14:50:31', '2018-03-09 14:50:31'),
(262, '30401515598319', 'S.M. Tasnim Ashraf Shafi', 'tasnimshafi3@gmail.com', '$2y$10$IL6OppztE53LH4bplhauPOmxiAaUU5TTgW9ZNV3k0RI0I.NCRMc4S', 1, 16, 555, 'gce-2136/14', 'M', '01779911335', 'B Positive', NULL, 'MD. Ashrafuzzaman', '01776254449', 1, 1, '2018-03-09 14:52:08', '2018-03-09 14:52:08'),
(263, '30401515598319', 'A. Momin', 'momin@gmail.com', '$2y$10$m/fH3AIv6nbXyseOKji7g.EPn.MiC4q9D1qkNtCkqfpDGTVfAVAOy', 1, 22, 562, 'gce-2143/14', 'M', '01771111111', 'Unknown', NULL, 'XXX', '0171222202', 1, 1, '2018-03-09 14:53:45', '2018-03-09 14:53:45'),
(264, '30401515598319', 'Sheakh Abdur Rahim', 'rahim@gmail.com', '$2y$10$xMS24y2OBh3wW5VMFxjJ4u8APLv5.ysWPl.pzb8986h35fja8B1se', 1, 21, 561, 'gce-2142/14', 'M', '01911111111', 'Unknown', NULL, 'YYY', '01971345678', 1, 1, '2018-03-09 14:54:58', '2018-03-09 14:54:58'),
(265, '30401515598319', 'Anwar Hossain', 'anwar.hossain7561@gmail.com', '$2y$10$EU5WopQ6bHyDpasObBnCreZmAMJ3r5MJ9muZxTW94DtvyCTNT7pua', 2, 30, 585, 'gce-2178/15', 'M', '1683325232', 'AB Positive', NULL, 'Sheikh Sadi', '01973356622', 1, 1, '2018-03-10 20:48:25', '2018-03-10 20:48:25'),
(266, '30401515598319', 'Sharmin Akter', 'sharminaktergbcse@gmail.com', '$2y$10$TSA9ZhCyVOcg42OWMjoIk.V4LHQUgb/swk8YxfX80Tg1mLRXQDFiS', 2, 31, 586, 'gce-2179/15', 'F', '01946854131', 'B Positive', NULL, 'Azim Uddin', '01946854109', 1, 1, '2018-03-10 20:51:09', '2018-03-10 20:51:09'),
(267, '30401515598319', 'Md Bulbul Islam', 'bulbulislammim@gmail.com', '$2y$10$8gdFcrhV7z6fl4IEj2LBTOe7rwG0pLL7ANuhY5/NnNy8g152yookO', 2, 32, 587, 'gce-2180/15', 'M', '01749560103', 'B Positive', NULL, 'Abdus Samad', '01715765759', 1, 1, '2018-03-10 20:53:45', '2018-03-10 20:53:45'),
(268, '30401515598319', 'Kazi Ramjan Ali', 'kaziramjana@gmail.com', '$2y$10$sXUBFA3r/hIb6Pi9O/0p0.BF47hwJ.cGniMetGxWy7sRbBAkG/.i6', 2, 37, 590, 'gce-2185/15', 'M', '01686809581', 'B Positive', NULL, 'Rasheda Akter', '01778094008', 1, 1, '2018-03-10 20:56:20', '2018-03-10 20:56:20'),
(269, '30401515598319', 'Musfikur Rahman', 'musfiqurbappy@gmail.com', '$2y$10$lBS1nXYI3uYMUv944/k.Be1vQ6m41L.IoGM81dzDE8Ack7AXm45sy', 2, 38, 591, 'gce-2186/15', 'M', '01682545092', 'B Positive', NULL, 'Rafiquzzaman', '01950042030', 1, 1, '2018-03-10 20:59:45', '2018-03-10 20:59:45'),
(270, '30401515598319', 'Imrul Kayes Himel', 'imrulkayestoo9@gmail.com', '$2y$10$aeDnK/IaJLbSTl9L0jEqLeVsvZL2nQ8lF98aIJEihTwJHKQOaawTi', 2, 39, 592, 'gce-2187/15', 'M', '01624414455', 'O Positive', NULL, 'Yasin Ali', '01875352671', 1, 1, '2018-03-10 21:05:29', '2018-03-10 21:05:29'),
(271, '30401515598319', 'Amena Akter', 'amenaakter@gmail.com', '$2y$10$JDDNB9D9BVZWLr8U.PvcFeabwNPASGtwkldH5BpeScMSIqKk5htsC', 2, 40, 592, 'gce-2188/15', 'F', '01641079454', 'O Positive', NULL, 'Md Awlad Hossain', '01676788679', 1, 1, '2018-03-10 21:28:16', '2018-03-10 21:28:16'),
(272, '30401515598319', 'Tanzina Rahman Dina', 'dina.cse@outlook.com', '$2y$10$Ds/uQkQZlgjFLUdSjcfVtuYYOedrCnLfwrgrxjM0EH6pAqo7ury/m', 2, 42, 594, 'gce-2190/15', 'F', '01739693202', 'A Positive', NULL, 'A.K.M Habibur Rahman', '01711189449', 1, 1, '2018-03-10 23:47:05', '2018-03-10 23:47:05'),
(273, '30401515598319', 'Iffat Jahan Jibu', 'iffatjahanjibu@gmail.com', '$2y$10$nn25pCuETSnUn8mfRIZM6ueVKlB3bmAItL0nte0IGa/vRFfbeFNpW', 2, 44, 595, 'gce-2192/15', 'F', '01768538302', 'A Positive', NULL, 'Md Rafiq', '01727559546', 1, 1, '2018-03-10 23:49:53', '2018-03-10 23:49:53'),
(274, '30401515598319', 'Aminul Islam Simanto', 'alo6274@gmail.com', '$2y$10$apumldutMPS4zvBBtcSfretXLPzufDIjr0Mkev45erZ1PbPCsiw9K', 2, 48, 597, 'gce-2196/15', 'M', '01776356934', 'B Positive', NULL, 'Md Azizul Islam', '01860508778', 1, 1, '2018-03-11 00:07:37', '2018-03-11 00:07:37'),
(275, '30401515598319', 'Md Fardin Haque', 'fardinhaque70@yahoo.com', '$2y$10$yNs75Resemj90TE9GMD5u.td7gTnaexnYEaFI6TsCDqrkez8QMCJe', 2, 49, 598, 'gce-2197/15', 'M', '01670042156', 'B Positive', NULL, 'AKM Mazharul Hoque', '0171160441', 1, 1, '2018-03-11 00:10:42', '2018-03-11 00:10:42'),
(276, '30401515598319', 'Bithi Rani Shil', 'kothashil12@gmail.com', '$2y$10$YJGWXanqqTQ3Ikxj9YEic.4O0rWoyqF2sTv9xLfmeFDAzXOYeVGG2', 2, 75, 615, 'gce-2223/15', 'F', '01790174810', 'B Positive', NULL, 'Porimal Shil', '01733670780', 1, 1, '2018-03-12 19:36:27', '2018-03-12 19:36:27'),
(277, '30401515598319', 'Kaniz Fatema Setu', 'kanizsetu8@gmail.com', '$2y$10$2x/SturaZbAFn8MJjrTfJepym394UNhQ/7OOHAtb0bC1XcGxc.DLG', 2, 76, 616, 'gce-2224/15', 'F', '01848392540', 'A Positive', NULL, 'Noormohammad', '01848392541', 1, 1, '2018-03-12 19:57:21', '2018-03-12 19:57:21'),
(278, '30401515598319', 'Sharmin Akther', 'jnykhan69@gmail.com', '$2y$10$TK8q6dtZXg9.DwPTqk21FOIVHfiWkcXGmdQkZ98JIY.iGvOILQTIG', 2, 77, 617, 'gce-2225/15', 'F', '01967469386', 'B Positive', NULL, 'Delwar Hossain', '01834599766', 1, 1, '2018-03-12 20:00:51', '2018-03-12 20:00:51'),
(279, '30401515598319', 'Mamunur Rashid', 'mamun.rashid.hridoy@gmail.com', '$2y$10$IbS6GN0ptji/aALqR9u5EODGMlSVLcyr7grWQac/inNWfHsS3o40u', 2, 78, 618, 'gce-2226/15', 'M', '01671718911', 'O Positive', NULL, 'Harunur Rashid', '01680725450', 1, 1, '2018-03-12 20:08:11', '2018-03-12 20:08:11'),
(280, '30401515598319', 'Ahona Goolanur', 'ahonagoolenur@gmail.com', '$2y$10$YknzpxJnRUhKxoFsvcXUX.tF.bS0o.Dl3BX.UamHt.lS/1hJMKC82', 2, 83, 620, 'gce-2231/15', 'F', '01767776465', 'O Positive', NULL, 'Mostofa Kamal', '01853092456', 1, 1, '2018-03-12 20:27:25', '2018-03-12 20:27:25'),
(281, '30401515598319', 'MD. Al-AMIN', 'alaminhossain400451@gmail.com', '$2y$10$Ab6HWtZemAn5VsBuo1NgHO2EDwglDcg2eVyWQrWjQt7yfRfXv6eDC', 2, 86, 621, 'gce-2234/15', 'M', '01881962906', 'AB Positive', NULL, 'Abdul Baker', '01935726111', 1, 1, '2018-03-12 20:44:48', '2018-03-12 20:44:48'),
(282, '30401515598319', 'MD. MASUD RANA', 'gbmasud52@gmail.com', '$2y$10$.KdJkU61nfhNh9N5ppdSQOCKtWeiR3YGx6ZMUMUEj5dKU4lG0xrri', 2, 87, 622, 'gce-2235/15', 'M', '01723625989', 'B Positive', NULL, 'MD. Nurul Islam', '01723625989', 1, 1, '2018-03-12 20:48:07', '2018-03-12 20:48:07'),
(283, '30401515598319', 'Md. Saddam Hossain', 'saddam.cse19gb@gmail.com', '$2y$10$3QW2JpnVFSee5yLmrqIByuiw/3h91OvW13ynMbP5pgclwXbX8sWZm', 2, 0, 651, 'gce-2230/15', 'M', '01912406080', 'B Negative', NULL, 'Md. Sadek Miah', '01749050301', 1, 1, '2018-03-13 07:43:32', '2018-03-13 07:43:32'),
(284, '30401515598319', 'Nymur Rahman', 'rnymur@gmail.com', '$2y$10$Tq9aSfQwdVkjs4b6urgIzuPW1phVpz04BehGWFxwv9BuRKkxVk.c.', 2, 89, 653, 'gce-2237/15', 'M', '01911936202', 'B Positive', NULL, 'Md. Al-Amin', '01945672102', 1, 1, '2018-03-13 07:45:05', '2018-03-13 07:45:05'),
(285, '30401515598319', 'Rafat Hosain', 'rafatdawan@gmail.com', '$2y$10$LzqZL10sjhXbiTxPynjglulDr./7rkHh1mu8RSDVyGFYBeYQJYqIi', 2, 88, 654, 'gce-2236/15', 'M', '01683405527', 'B Positive', NULL, 'Md. Nurul Islam', '01728963061', 1, 1, '2018-03-13 07:47:01', '2018-03-13 07:47:01'),
(286, '30401515598319', 'Md. Hanjala Salam', 'nstarz069@gmail.com', '$2y$10$1LymERe6ZXtsuOrMKhga2uiu/yYfVfCankk8vpVzW6zgV.1CfLZPu', 2, 17, 581, 'gce-2165/15', 'M', '01679234235', 'B Positive', NULL, 'Md. Abdus Salam', '01727598687', 1, 1, '2018-03-13 07:49:22', '2018-03-13 07:49:22'),
(287, '30401515598319', 'Md. Robiul Islam', 'imdrobiul516@gmail.com', '$2y$10$6PGSgylZz61NHJs9tAaFz.VJX65Fz6b64HDKIXNubNApDC.5fUQ7y', 2, 33, 588, 'gce-2181/15', 'M', '01727057423', 'B Positive', NULL, 'Md. Anowar Hossain', '01739344952', 1, 1, '2018-03-13 07:51:45', '2018-03-13 07:51:45'),
(288, '30401515598319', 'Kayes Ibne Harun', 'ibnkay128213@gmail.com', '$2y$10$aeG.ts6ikX/rhTwFQKpEJ.d9DNWgepM57sWELD1DnYwbciRPHGaV6', 2, 35, 589, 'gce-2183/15', 'M', '01910106668', 'O Positive', NULL, 'Harun AR Rashid', '01766946569', 1, 1, '2018-03-13 07:53:50', '2018-03-13 07:53:50'),
(289, '30401515598319', 'Golam Maula', 'golammoulajamil@gmail.com', '$2y$10$PEpwwBJL24k/YZqseCxiKeBjyAiuanCip6NuXQLhOBmsu95cQ04jO', 2, 17, 528, 'gce-2106/14', 'M', '01748883469', 'A Positive', NULL, 'Md. Golam Mostafa', '01711878919', 1, 1, '2018-03-13 07:56:22', '2018-03-13 07:56:22'),
(290, '30401515598319', 'Md Saikat Azad', '19.11.1995ac@gmail.com', '$2y$10$7BHH6eDEd1L4LNia.VdJZuy9L9evLlHwZk7SHYjkdKgeV6axvgP1C', 2, 50, 599, 'gce-2198/15', 'M', '01685220692', 'O Positive', NULL, 'A.K Azad', '01715801687', 1, 1, '2018-03-13 08:07:07', '2018-03-13 08:07:07'),
(291, '30401515598319', 'Hamida Akter Mita', 'himistacse@gmail.com', '$2y$10$c1MvFG0R6sSuP/jn4hVHHO35CUz.tA5/mK9l7wGn76pdKD44OWRA2', 2, 51, 600, 'gce-2191/15', 'F', '01781425676', 'A Positive', NULL, 'Nargis Begum', '01754848990', 1, 1, '2018-03-13 08:11:20', '2018-03-13 08:11:20'),
(292, '30401515598319', 'Syed Khalid Imtiaz', 'acdimtiaz40@gmail.com', '$2y$10$p43jljTOHYYsfzZB.y3/nONG.i8dAulOC0S1XxvVCgHl/HGHi/yxa', 2, 54, 602, 'gce-2202/15', 'M', '01684452715', 'A Positive', NULL, 'Syed Anwar Hossain', '01717166544', 1, 1, '2018-03-13 08:14:03', '2018-03-13 08:14:03'),
(293, '30401515598319', 'Shahamar Rahman', 'himusr@gmail.com', '$2y$10$BL/8RwMssUmGkr2dK9JhGehHV7IR8rkfYm7cZM.ds7Zcovkipo5K.', 2, 56, 603, 'gce-2204/15', 'M', '01757512095', 'O Positive', NULL, 'Shamsur Rahman', '01910901488', 1, 1, '2018-03-13 08:32:47', '2018-03-13 08:32:47'),
(294, '30401515598319', 'Md Rokibul Hasan', '0506rajsomrat@gamil.com', '$2y$10$khJIpZLz4dKWhgkKDkh8ae7Ej3FKrC7s8JdlnFvch/e9H5GICUbA.', 2, 57, 604, 'gce-2205/15', 'M', '01738419676', 'B Positive', NULL, 'Mohabbat-Ul Bari', '01927922084', 1, 1, '2018-03-13 08:36:01', '2018-03-13 08:36:01'),
(295, '30401515598319', 'Md Kabir Mandal', 'kabir.mandal@gmail.com', '$2y$10$BBHXOzwsyothw8o2vYKfYOBaRE6Jj/qrAB8yIQ4H5HyCVc4A/KKN6', 2, 58, 605, 'gce-2206/15', 'M', '01687015593', 'A Positive', NULL, 'Abdus Salam', '01710660399', 1, 1, '2018-03-13 08:38:15', '2018-03-13 08:38:15'),
(296, '30401515598319', 'Md Bin Sadek', 'alexmamun085@gmail.com', '$2y$10$4u93RhXWBY90chQZC772geez8SN8kNEBiJzmkm9X8L/Xr2ThDUqTm', 2, 58, 606, 'gce-2207/15', 'M', '01967141689', 'O Positive', NULL, 'Md Abdul Haque', '01936885668', 1, 1, '2018-03-13 08:41:26', '2018-03-13 08:41:26'),
(297, '30401515598319', 'Nahria Afrin Munni', 'nahriaafrin@gmail.com', '$2y$10$.7Yb3HGnEacvAsNvN5eHf.QiVagPuRWG0t22VhPZJCg2asJ82vPAC', 2, 59, 607, 'gce-2208/15', 'F', '01960545249', 'O Positive', NULL, 'Rawsan Ara Begum', '01883200200', 1, 1, '2018-03-13 08:44:02', '2018-03-13 08:44:02'),
(298, '30401515598319', 'Nishat Perven', 'nishatnahar012@gmail.com', '$2y$10$5CIVDD6/yduTMfDAP7w73eLWYpUh9jIFRr2DsVWb4/9spWnmoQEKG', 2, 62, 609, 'gce-2210/15', 'F', '01992621289', 'B Positive', NULL, 'China Akter', '01816527705', 1, 1, '2018-03-13 08:46:17', '2018-03-13 08:46:17'),
(299, '30401515598319', 'Md Anwarul', 'jebin2378@gmail.com', '$2y$10$NsP8kzORaOdME5JA6W7l9.jKcgYAZRiFO/izkU17EuTXA28eMY9CG', 2, 64, 610, 'gce-2212/15', 'M', '01917843865', 'A Positive', NULL, 'Md Nazrul Islam', '01928987620', 1, 1, '2018-03-13 08:48:23', '2018-03-13 08:48:23'),
(300, '30401515598319', 'Md Monir Hossain', 'mdmonir126491@gmail.com', '$2y$10$WtsMSAYFUgptJ8WRLQqdeOJfoHHBNnXlt9d6JAPJl422iK0KFQMqS', 2, 68, 612, 'gce-2216/15', 'M', '01767687804', 'O Positive', NULL, 'Monoara Begum', '01732150652', 1, 1, '2018-03-13 08:52:32', '2018-03-13 08:52:32'),
(301, '30401515598319', 'Mueena Jahan', 'bdmueena@gmail.com', '$2y$10$27ahEg2/bf7b5JptlbrTfuf3Iv5tCGHdCoG/sCynsGqb9j1TRrCuy', 2, 72, 614, 'gce-2220/15', 'F', '01786370073', 'B Positive', NULL, 'Asrarul Houque', '01917345470', 1, 1, '2018-03-13 09:03:41', '2018-03-13 09:03:41'),
(302, '30401515598319', 'Farhana Afrin Juthy', 'juthyf55@gmail.com', '$2y$10$bAREMs5qePDSpcfyX/uwcOZNazfWoMovAe2sBC9mTw5LXWr.7B6JS', 2, 70, 613, 'gce-2218/15', 'F', '01717748444', 'O Positive', NULL, 'Md Fashiar Rahman', '01717406840', 1, 1, '2018-03-13 18:59:48', '2018-03-14 06:59:20'),
(303, '30401515598319', 'MD. Habibur Rahman', 'akashabib121212@gmail.com', '$2y$10$cVmb9kkSonbKA7WB6ca56uqFijEq4x3MZD.PSXJgTb9gS42Q2P4Ti', 2, 2, 624, 'gce-2251/15', 'M', '01675146696', 'B Positive', NULL, 'S.M. Fazlur Rahman', '01714561790', 1, 1, '2018-03-13 20:12:15', '2018-03-13 20:12:15'),
(304, '30401515598319', 'MD. Sabbir Hossain', 'sabbirhossain1278@gmail.com', '$2y$10$C3bLGrizjiWxr27UY9MKPOjEveYIdoHBp.S5g5fjyngEfKMtJuXKq', 2, 5, 626, 'gce-2253/15', 'M', '01833221948', 'B Negative', NULL, 'Mahmud Kali', '01799273787', 1, 1, '2018-03-13 20:16:17', '2018-03-13 20:16:17');

-- --------------------------------------------------------

--
-- Table structure for table `student_enrolls`
--

CREATE TABLE `student_enrolls` (
  `id` int(10) UNSIGNED NOT NULL,
  `student_id` int(10) UNSIGNED NOT NULL,
  `supervisor_id` varchar(15) COLLATE utf8mb4_unicode_ci NOT NULL,
  `batch_id` int(10) UNSIGNED NOT NULL,
  `semester_id` int(10) UNSIGNED NOT NULL,
  `exam_time_id` int(11) NOT NULL DEFAULT '0',
  `created_at` timestamp NULL DEFAULT NULL,
  `updated_at` timestamp NULL DEFAULT NULL
) ENGINE=InnoDB DEFAULT CHARSET=utf8mb4 COLLATE=utf8mb4_unicode_ci;

--
-- Dumping data for table `student_enrolls`
--

INSERT INTO `student_enrolls` (`id`, `student_id`, `supervisor_id`, `batch_id`, `semester_id`, `exam_time_id`, `created_at`, `updated_at`) VALUES
(4, 242, '30401515598319', 1, 1, 1, NULL, NULL),
(5, 243, '30401515598319', 1, 1, 1, NULL, NULL),
(6, 244, '30401515598319', 1, 1, 1, NULL, NULL),
(7, 245, '30401515598319', 1, 1, 1, NULL, NULL),
(8, 246, '30401515598319', 1, 1, 1, NULL, NULL),
(9, 247, '30401515598319', 1, 1, 1, NULL, NULL),
(10, 248, '30401515598319', 1, 1, 1, NULL, NULL),
(11, 249, '30401515598319', 1, 1, 1, NULL, NULL),
(12, 251, '30401515598319', 1, 1, 1, NULL, NULL),
(13, 252, '30401515598319', 1, 1, 1, NULL, NULL),
(14, 253, '30401515598319', 1, 1, 1, NULL, NULL),
(15, 254, '30401515598319', 1, 1, 1, NULL, NULL),
(16, 255, '30401515598319', 1, 1, 1, NULL, NULL),
(17, 256, '30401515598319', 1, 1, 1, NULL, NULL),
(18, 257, '30401515598319', 1, 1, 1, NULL, NULL),
(19, 258, '30401515598319', 1, 1, 1, NULL, NULL),
(20, 259, '30401515598319', 1, 1, 1, NULL, NULL),
(21, 261, '30401515598319', 1, 1, 1, NULL, NULL),
(22, 262, '30401515598319', 1, 1, 1, NULL, NULL),
(23, 263, '30401515598319', 1, 1, 1, NULL, NULL),
(24, 264, '30401515598319', 1, 1, 1, NULL, NULL),
(25, 1, '30401515598319', 1, 1, 1, NULL, NULL),
(26, 2, '30401515598319', 1, 1, 1, NULL, NULL),
(27, 241, '30401515598319', 1, 1, 1, NULL, NULL);

-- --------------------------------------------------------

--
-- Table structure for table `submitted_results`
--

CREATE TABLE `submitted_results` (
  `id` int(10) UNSIGNED NOT NULL,
  `teacher_id` varchar(15) COLLATE utf8mb4_unicode_ci NOT NULL,
  `exam_time_id` int(10) UNSIGNED NOT NULL,
  `course_id` int(10) UNSIGNED NOT NULL,
  `semester_id` int(10) UNSIGNED NOT NULL,
  `created_at` timestamp NULL DEFAULT NULL,
  `updated_at` timestamp NULL DEFAULT NULL
) ENGINE=InnoDB DEFAULT CHARSET=utf8mb4 COLLATE=utf8mb4_unicode_ci;

--
-- Dumping data for table `submitted_results`
--

INSERT INTO `submitted_results` (`id`, `teacher_id`, `exam_time_id`, `course_id`, `semester_id`, `created_at`, `updated_at`) VALUES
(1, '58881525013267', 1, 64, 1, '2018-05-25 07:58:44', '2018-05-25 07:58:44'),
(2, '58881525013267', 1, 65, 1, '2018-05-25 08:00:03', '2018-05-25 08:00:03'),
(3, '97411525013394', 1, 68, 1, '2018-05-25 08:00:39', '2018-05-25 08:00:39'),
(4, '97411525013394', 1, 60, 1, '2018-05-25 08:00:48', '2018-05-25 08:00:48'),
(5, '97411525013394', 1, 70, 1, '2018-05-25 08:00:58', '2018-05-25 08:00:58'),
(6, '82891525013156', 1, 69, 1, '2018-05-25 08:01:52', '2018-05-25 08:01:52'),
(7, '56411525013076', 1, 66, 1, '2018-05-25 08:02:36', '2018-05-25 08:02:36'),
(8, '28231525013497', 1, 67, 1, '2018-05-25 08:03:25', '2018-05-25 08:03:25');

-- --------------------------------------------------------

--
-- Table structure for table `supp_enrolls`
--

CREATE TABLE `supp_enrolls` (
  `id` int(10) UNSIGNED NOT NULL,
  `supervisor_id` varchar(15) COLLATE utf8mb4_unicode_ci NOT NULL,
  `teacher_id` varchar(15) COLLATE utf8mb4_unicode_ci NOT NULL,
  `student_id` int(10) UNSIGNED NOT NULL,
  `batch_id` int(10) UNSIGNED NOT NULL,
  `course_e_id` int(10) UNSIGNED NOT NULL,
  `course_id` int(10) UNSIGNED NOT NULL,
  `semester_id` int(10) UNSIGNED NOT NULL,
  `exam_time_id` int(10) UNSIGNED NOT NULL,
  `exam_type` tinyint(3) UNSIGNED NOT NULL,
  `created_at` timestamp NULL DEFAULT NULL,
  `updated_at` timestamp NULL DEFAULT NULL
) ENGINE=InnoDB DEFAULT CHARSET=utf8mb4 COLLATE=utf8mb4_unicode_ci;

--
-- Dumping data for table `supp_enrolls`
--

INSERT INTO `supp_enrolls` (`id`, `supervisor_id`, `teacher_id`, `student_id`, `batch_id`, `course_e_id`, `course_id`, `semester_id`, `exam_time_id`, `exam_type`, `created_at`, `updated_at`) VALUES
(73, '30401515598319', '97411525013394', 251, 1, 8, 60, 1, 3, 1, NULL, NULL),
(74, '30401515598319', '97411525013394', 257, 1, 8, 60, 1, 3, 1, NULL, NULL),
(75, '30401515598319', '97411525013394', 258, 1, 8, 60, 1, 3, 1, NULL, NULL),
(76, '30401515598319', '97411525013394', 251, 1, 7, 68, 1, 3, 1, NULL, NULL),
(77, '30401515598319', '97411525013394', 257, 1, 7, 68, 1, 3, 1, NULL, NULL),
(78, '30401515598319', '97411525013394', 258, 1, 7, 68, 1, 3, 1, NULL, NULL),
(79, '30401515598319', '97411525013394', 248, 1, 7, 68, 1, 3, 1, NULL, NULL),
(80, '30401515598319', '97411525013394', 251, 1, 11, 4, 1, 3, 2, NULL, NULL),
(81, '30401515598319', '97411525013394', 257, 1, 11, 4, 1, 3, 2, NULL, NULL),
(82, '30401515598319', '97411525013394', 258, 1, 11, 4, 1, 3, 2, NULL, NULL),
(83, '30401515598319', '97411525013394', 251, 1, 9, 70, 1, 3, 1, NULL, NULL),
(84, '30401515598319', '97411525013394', 252, 1, 9, 70, 1, 3, 1, NULL, NULL),
(85, '30401515598319', '97411525013394', 257, 1, 9, 70, 1, 3, 1, NULL, NULL),
(86, '30401515598319', '97411525013394', 241, 1, 9, 70, 1, 3, 1, NULL, NULL),
(87, '30401515598319', '97411525013394', 258, 1, 9, 70, 1, 3, 1, NULL, NULL),
(88, '30401515598319', '97411525013394', 1, 1, 9, 70, 1, 3, 1, NULL, NULL),
(89, '30401515598319', '97411525013394', 252, 1, 11, 4, 1, 3, 1, NULL, NULL),
(90, '30401515598319', '97411525013394', 241, 1, 11, 4, 1, 3, 1, NULL, NULL),
(91, '30401515598319', '97411525013394', 1, 1, 11, 4, 1, 3, 1, NULL, NULL),
(92, '30401515598319', '97411525013394', 289, 2, 12, 19, 2, 3, 2, NULL, NULL),
(93, '30401515598319', '97411525013394', 131, 2, 12, 19, 2, 3, 2, NULL, NULL),
(94, '30401515598319', '97411525013394', 134, 2, 12, 19, 2, 3, 2, NULL, NULL);

-- --------------------------------------------------------

--
-- Table structure for table `supp_lab_marks`
--

CREATE TABLE `supp_lab_marks` (
  `id` int(10) UNSIGNED NOT NULL,
  `teacher_id` varchar(15) COLLATE utf8mb4_unicode_ci NOT NULL,
  `student_id` int(10) UNSIGNED NOT NULL,
  `course_id` int(10) UNSIGNED NOT NULL,
  `exam_time_id` int(10) UNSIGNED NOT NULL,
  `semester_id` int(10) UNSIGNED NOT NULL,
  `tutorial` decimal(4,2) NOT NULL,
  `mid_term` decimal(4,2) NOT NULL,
  `attendance` decimal(4,2) NOT NULL,
  `lab_seventy_mark` decimal(4,2) NOT NULL,
  `total` decimal(4,2) NOT NULL,
  `created_at` timestamp NULL DEFAULT NULL,
  `updated_at` timestamp NULL DEFAULT NULL
) ENGINE=InnoDB DEFAULT CHARSET=utf8mb4 COLLATE=utf8mb4_unicode_ci;

--
-- Dumping data for table `supp_lab_marks`
--

INSERT INTO `supp_lab_marks` (`id`, `teacher_id`, `student_id`, `course_id`, `exam_time_id`, `semester_id`, `tutorial`, `mid_term`, `attendance`, `lab_seventy_mark`, `total`, `created_at`, `updated_at`) VALUES
(1, '30401515598319', 251, 4, 3, 1, '5.00', '5.00', '5.00', '10.00', '25.00', '2018-05-17 08:11:53', '2018-05-17 08:11:53'),
(2, '30401515598319', 252, 4, 3, 1, '5.00', '3.00', '2.00', '1.00', '11.00', '2018-05-17 10:40:05', '2018-05-17 10:40:05'),
(3, '97411525013394', 252, 4, 3, 1, '1.00', '2.00', '3.00', '4.00', '10.00', '2018-05-17 10:40:44', '2018-05-17 10:40:44');

-- --------------------------------------------------------

--
-- Table structure for table `supp_marks`
--

CREATE TABLE `supp_marks` (
  `id` int(10) UNSIGNED NOT NULL,
  `teacher_id` varchar(15) COLLATE utf8mb4_unicode_ci NOT NULL,
  `student_id` int(10) UNSIGNED NOT NULL,
  `course_id` int(10) UNSIGNED NOT NULL,
  `exam_time_id` int(10) UNSIGNED NOT NULL,
  `semester_id` int(10) UNSIGNED NOT NULL,
  `q_1` decimal(4,2) NOT NULL,
  `q_2` decimal(4,2) NOT NULL,
  `q_3` decimal(4,2) NOT NULL,
  `q_4` decimal(4,2) NOT NULL,
  `q_5` decimal(4,2) NOT NULL,
  `q_6` decimal(4,2) NOT NULL,
  `q_7` decimal(4,2) NOT NULL,
  `q_8` decimal(4,2) NOT NULL,
  `q_9` decimal(4,2) NOT NULL,
  `q_10` decimal(4,2) NOT NULL,
  `q_11` decimal(4,2) NOT NULL,
  `q_12` decimal(4,2) NOT NULL,
  `q_13` decimal(4,2) NOT NULL,
  `q_14` decimal(4,2) NOT NULL,
  `q_15` decimal(4,2) NOT NULL,
  `total` decimal(4,2) NOT NULL,
  `created_at` timestamp NULL DEFAULT NULL,
  `updated_at` timestamp NULL DEFAULT NULL
) ENGINE=InnoDB DEFAULT CHARSET=utf8mb4 COLLATE=utf8mb4_unicode_ci;

--
-- Dumping data for table `supp_marks`
--

INSERT INTO `supp_marks` (`id`, `teacher_id`, `student_id`, `course_id`, `exam_time_id`, `semester_id`, `q_1`, `q_2`, `q_3`, `q_4`, `q_5`, `q_6`, `q_7`, `q_8`, `q_9`, `q_10`, `q_11`, `q_12`, `q_13`, `q_14`, `q_15`, `total`, `created_at`, `updated_at`) VALUES
(1, '97411525013394', 251, 60, 3, 1, '14.00', '14.00', '14.00', '14.00', '14.00', '0.00', '0.00', '0.00', '0.00', '0.00', '0.00', '0.00', '0.00', '0.00', '0.00', '70.00', '2018-05-17 03:23:25', '2018-05-17 04:48:40'),
(5, '97411525013394', 251, 68, 3, 1, '5.00', '14.00', '14.00', '14.00', '14.00', '0.00', '0.00', '0.00', '0.00', '0.00', '0.00', '0.00', '0.00', '0.00', '0.00', '61.00', '2018-05-17 04:49:13', '2018-05-17 05:44:04'),
(6, '97411525013394', 257, 68, 3, 1, '0.00', '0.00', '0.00', '0.00', '0.00', '0.00', '0.00', '0.00', '0.00', '0.00', '0.00', '0.00', '0.00', '0.00', '0.00', '0.00', '2018-05-17 11:08:21', '2018-05-17 11:08:21'),
(7, '97411525013394', 251, 60, 3, 1, '0.00', '0.00', '0.00', '0.00', '0.00', '0.00', '0.00', '0.00', '0.00', '0.00', '0.00', '0.00', '0.00', '0.00', '0.00', '0.00', '2018-05-19 09:13:51', '2018-05-19 09:13:51'),
(8, '97411525013394', 257, 60, 3, 1, '0.00', '0.00', '0.00', '0.00', '0.00', '0.00', '0.00', '0.00', '0.00', '0.00', '0.00', '0.00', '0.00', '0.00', '0.00', '0.00', '2018-05-19 09:13:59', '2018-05-19 09:13:59');

-- --------------------------------------------------------

--
-- Table structure for table `supp_viva_voces`
--

CREATE TABLE `supp_viva_voces` (
  `id` int(10) UNSIGNED NOT NULL,
  `teacher_id` varchar(15) COLLATE utf8mb4_unicode_ci NOT NULL,
  `student_id` int(10) UNSIGNED NOT NULL,
  `course_id` int(10) UNSIGNED NOT NULL,
  `exam_time_id` int(10) UNSIGNED NOT NULL,
  `semester_id` int(10) UNSIGNED NOT NULL,
  `viva_voce` decimal(4,2) NOT NULL,
  `total` decimal(4,2) NOT NULL,
  `created_at` timestamp NULL DEFAULT NULL,
  `updated_at` timestamp NULL DEFAULT NULL
) ENGINE=InnoDB DEFAULT CHARSET=utf8mb4 COLLATE=utf8mb4_unicode_ci;

--
-- Dumping data for table `supp_viva_voces`
--

INSERT INTO `supp_viva_voces` (`id`, `teacher_id`, `student_id`, `course_id`, `exam_time_id`, `semester_id`, `viva_voce`, `total`, `created_at`, `updated_at`) VALUES
(1, '97411525013394', 251, 70, 3, 1, '5.00', '5.00', '2018-05-17 08:28:39', '2018-05-17 08:28:39'),
(2, '97411525013394', 252, 70, 3, 1, '25.00', '25.00', '2018-05-17 08:29:29', '2018-05-17 08:29:29'),
(3, '97411525013394', 289, 19, 3, 2, '24.00', '24.00', '2018-05-17 08:33:07', '2018-05-17 10:55:31'),
(4, '30401515598319', 251, 19, 3, 1, '22.00', '22.00', '2018-05-17 10:59:06', '2018-05-17 10:59:06'),
(5, '97411525013394', 131, 19, 3, 2, '10.00', '10.00', '2018-05-19 09:45:55', '2018-05-19 09:45:55'),
(6, '97411525013394', 134, 19, 3, 2, '3.00', '3.00', '2018-05-19 09:46:05', '2018-05-19 09:46:05');

-- --------------------------------------------------------

--
-- Table structure for table `third_examiner_seventy_marks`
--

CREATE TABLE `third_examiner_seventy_marks` (
  `id` int(10) UNSIGNED NOT NULL,
  `teacher_id` varchar(15) COLLATE utf8mb4_unicode_ci NOT NULL,
  `student_id` int(10) UNSIGNED NOT NULL,
  `course_id` int(10) UNSIGNED NOT NULL,
  `exam_time_id` int(10) UNSIGNED NOT NULL,
  `semester_id` int(10) UNSIGNED NOT NULL,
  `total` decimal(4,2) NOT NULL,
  `created_at` timestamp NULL DEFAULT NULL,
  `updated_at` timestamp NULL DEFAULT NULL
) ENGINE=InnoDB DEFAULT CHARSET=utf8mb4 COLLATE=utf8mb4_unicode_ci;

--
-- Dumping data for table `third_examiner_seventy_marks`
--

INSERT INTO `third_examiner_seventy_marks` (`id`, `teacher_id`, `student_id`, `course_id`, `exam_time_id`, `semester_id`, `total`, `created_at`, `updated_at`) VALUES
(1, '90561525013235', 244, 64, 1, 1, '60.00', '2018-05-21 09:02:02', '2018-05-21 09:02:02'),
(2, '90561525013235', 257, 64, 1, 1, '55.00', '2018-05-21 09:02:30', '2018-05-21 09:02:30');

-- --------------------------------------------------------

--
-- Table structure for table `users`
--

CREATE TABLE `users` (
  `user_id` varchar(15) COLLATE utf8mb4_unicode_ci NOT NULL,
  `name` varchar(191) COLLATE utf8mb4_unicode_ci NOT NULL,
  `email` varchar(191) COLLATE utf8mb4_unicode_ci NOT NULL,
  `password` varchar(191) COLLATE utf8mb4_unicode_ci NOT NULL,
  `verified` tinyint(1) NOT NULL DEFAULT '0',
  `verification_token` varchar(60) COLLATE utf8mb4_unicode_ci DEFAULT NULL,
  `role_id` int(11) NOT NULL,
  `is_active` tinyint(1) NOT NULL DEFAULT '0',
  `is_admin` tinyint(1) NOT NULL DEFAULT '0',
  `status` tinyint(4) NOT NULL DEFAULT '0',
  `remember_token` varchar(100) COLLATE utf8mb4_unicode_ci DEFAULT NULL,
  `created_at` timestamp NULL DEFAULT NULL,
  `updated_at` timestamp NULL DEFAULT NULL
) ENGINE=InnoDB DEFAULT CHARSET=utf8mb4 COLLATE=utf8mb4_unicode_ci;

--
-- Dumping data for table `users`
--

INSERT INTO `users` (`user_id`, `name`, `email`, `password`, `verified`, `verification_token`, `role_id`, `is_active`, `is_admin`, `status`, `remember_token`, `created_at`, `updated_at`) VALUES
('12441525013308', 'Md. Kawsar', 'mail.kawsar12@gmail.com', '$2y$10$bPhIEausWYR0.fyAzCOWl.pv/M2Hx7O5S1ObFVFc1cX/0Z.RWvujy', 0, 'WQ09Phb48QTzL81J2KYaoyHS3vt10Gh1BGZXjja44EOd00elufEZpOTsflP2', 1, 0, 0, 0, NULL, '2018-04-29 18:48:28', '2018-04-29 18:48:28'),
('28231525013497', 'SUJIT ROY', 'roysojib09102029@gmail.com', '$2y$10$LyCEz920rUDo2JbZFc4bJOWfsGjivevYaQQEyX0Jt5byLsuiSuPl.', 1, NULL, 1, 1, 0, 0, 'YBrux56MsQH40YGCo0dvgjlyxFpOnIO3zJOqMkJt9PtBDXXbp1rvF21Ro6SB', '2018-04-29 18:51:37', '2018-04-30 09:08:00'),
('30401515598319', 'MIR HB RAHMAN', 'admin@gmail.com', '$2y$10$wutlcTtkMSG313ZZ1kil4ugtjqWpZcpPZdXFiRMAbXkORhN73TWgu', 1, NULL, 1, 1, 1, 0, '9G3KwWFKzlXLWVyT7jbpdWa7TrBFLThtAYyDKbU9QNW8bGAD1ZubWJAh2Rvc', '2018-01-09 21:31:59', '2018-01-16 01:05:33'),
('32641525013527', 'FARHANA ISLAM', 'farhanaamy2378@gmail.com', '$2y$10$WXK.qMHyRIl40qU1Lqmgb.0dGjfX3spPtCs1tijly4BoembsHZhie', 0, 'UBoK87zW3P7EmdV5DqiB5Af7H5hmDVCmdfNK2CnJAi4ekxpUB69D2DboWOal', 1, 0, 0, 0, NULL, '2018-04-29 18:52:07', '2018-04-29 18:52:07'),
('37071525013206', 'Roeny Afroz Aenney', 'roenaafroze@gmail.com', '$2y$10$oT4E3ra6G2IvjWmwJ77UuOjDEIbXsQ2TSoYoIzP4A84u9ptkTtXEu', 0, 'fa1oATrTrKxHPUG83jfiKM6ek5iYxTeXPnEZfV3fFZjjI2wL6ZHiA2M0DGJx', 1, 0, 0, 0, NULL, '2018-04-29 18:46:46', '2018-04-29 18:46:46'),
('37561525013014', 'Md. Karam Newaz', 'newaz2017@gmail.com', '$2y$10$4/UyQwnEXpwJLH0vOIS7wedj0jlbq9LIh.uwaRGlimfAcQi/XZ5FK', 0, 'DHBnwMJJiFbGPx7ULIcmRx0HDnCDJICHpgKvkjKlHsYGGaSGSrw9ftcwLOJF', 1, 0, 0, 0, NULL, '2018-04-29 18:43:34', '2018-04-29 18:43:34'),
('39861523206635', 'External', 'external@gmail.com', '$2y$10$zw1JAuzu975UmcEaQZH/XeOmCCVPCkc1ZPSqlljQwTm9QVCYF259.', 1, NULL, 2, 1, 0, 0, 'OZrEVbVDc56xZnogHYIWVaqBg0nvWY2hm3Fd9cjtC9f6I9DKsit7FUYUrMPt', '2018-04-08 10:57:16', '2018-04-08 10:58:49'),
('52951525013895', 'Jamal Uddin', 'jamal@gmail.com', '$2y$10$cbkKJ6ysQRRKTb.NC5SbrODZC/C81QJQGjNLA8.0QJLsWCoAvC6Zm', 1, NULL, 2, 1, 0, 0, 'rgkX1dmeh0ocddjkvau1LcRwHWUJBdXzd69R8ptBZBpAnYLLrPKKRSbDZEHT', '2018-04-29 18:58:15', '2018-04-29 21:18:59'),
('56411525013076', 'Dr. Mohammad Hanif Ali', 'hanif_ju03@yahoo.com', '$2y$10$6flqncIpG39vTHaFRENWRud8UWuIlVKT6Fhd6.3Z/6tpHJL2yanxu', 1, NULL, 1, 1, 0, 0, 'DlbrSOZNvTp4zC455PbqkzB1Fj9oVwqDeqZViHuljfckVmHckxOI5I665DXk', '2018-04-29 18:44:36', '2018-04-30 09:08:17'),
('58881525013267', 'Md. Rasel Mia', 'rasel376mahmud@yahoo.com', '$2y$10$ufRnMqpv.TQdNxofCT8Q3eZ0GR7bAdR2JbnP89QyUW0oszC5lslEq', 1, NULL, 1, 1, 0, 0, '9sK2e01SuZJZ7Z236s0Svv0AV9KsS9To9ZdCc0cvVKsPG6qkvp6rz2GwfheM', '2018-04-29 18:47:48', '2018-04-30 09:08:24'),
('78841525013183', 'Lipika Barua', 'barual@yahoo.com', '$2y$10$IMjPEcBOKz2JNV62mzI7cu1IGkJ.RVjr7CAtyaDxo8tO6VrHCcAq2', 0, 'A9zF6w82MP8omi0vtboNAGjYp8IkCyWgtekoTX7i9qz1nzZjn6mr5PFmeMTf', 1, 0, 0, 0, NULL, '2018-04-29 18:46:23', '2018-04-29 18:46:23'),
('82891525013156', 'Tania Akter', 'shilpy_339cse@yahoo.com', '$2y$10$sSO9hZzUcmUmihVG6Qeege3wOxnNd1qZQTiJRI6ZSXiBSwv3BQw9.', 1, NULL, 1, 1, 0, 0, 'YTgmaCcIjjRH8g4Tjlva8yD9IXlxUEoDjehJU7YBmeQalywFLAYgOKBzViRJ', '2018-04-29 18:45:56', '2018-04-30 09:08:34'),
('84881525013552', 'Sharif Ahamed', 'diptosharifahamed@gmail.com', '$2y$10$/Drp7lF2bGH33FgsiPezX.1f7t1NIC7/YhdmTCYJIj8yptPbBMQoe', 0, 'IZ10lnGIeOMyh4Bt0X2EjY0Q74ZBORBXsahle1LiUmQuwlDQMC3kuTiKaS5l', 1, 0, 0, 0, NULL, '2018-04-29 18:52:32', '2018-04-29 18:52:32'),
('90561525013235', 'Md. Atikur Rahman', 'atikhasan.cse@gmail.com', '$2y$10$/MQZNx3ThKJ6ZWYQMphKdOnUJkaUlzH7ZQwZzDdgrgi3UBY/AO6uK', 1, NULL, 1, 1, 0, 0, 'y03p1f7ukBk8q4tbo9FNNtXG7siNKxSWokz71tVkTRORY1dYPsv2hnyvASoy', '2018-04-29 18:47:15', '2018-04-30 09:09:17'),
('92131525013436', 'Farzana Tasnim', 'rekha.tasnim@gmail.com', '$2y$10$X02wKgXYBcbTUIWzwmAt.OeZyzVDEKglbfsu7SDHYd0psm/YrRVsW', 0, 'IlwYcBzYxV4MkBycKn6G2PTsCe8uBm5n82EfzfQQHeUoccwsVy2JhDqYmW9P', 1, 0, 0, 0, NULL, '2018-04-29 18:50:36', '2018-04-29 18:50:36'),
('97411525013394', 'Md. Shahriar Setu', 'shahriar.setu.bd@ieee.org', '$2y$10$9afqw5sBj0Keu7AtKm26neMj38pYJ2zBRNF.1TVg7KIjne10.VoLS', 1, NULL, 1, 1, 1, 0, '5HksBTVaqCbMjrr2uCXJZZAAbAjwyiHQ9hvWgFEm87ObcUggz7G6fQkhGBDi', '2018-04-29 18:49:54', '2018-05-18 05:43:04'),
('99431525013463', 'Md. Hasnat parvez', 'hasnatiit847@gmail.com', '$2y$10$AIBMbc42z0KA5UjGOerKhuiq8Or.qOlA0t4NzRLzBXuAs1OQnWSFG', 0, 'HBUrJ5GtL1oThZmciEwvWMSIQyhbLnWmQIBkrBT58c43MMiz0mUGz6s2GDwD', 1, 0, 0, 0, NULL, '2018-04-29 18:51:03', '2018-04-29 18:51:03');

-- --------------------------------------------------------

--
-- Table structure for table `user_personal_infos`
--

CREATE TABLE `user_personal_infos` (
  `id` int(10) UNSIGNED NOT NULL,
  `user_id` varchar(15) COLLATE utf8mb4_unicode_ci NOT NULL,
  `supervisor_id` varchar(15) COLLATE utf8mb4_unicode_ci NOT NULL,
  `designation` varchar(191) COLLATE utf8mb4_unicode_ci DEFAULT NULL,
  `mobile` varchar(191) COLLATE utf8mb4_unicode_ci DEFAULT NULL,
  `gender` tinyint(4) DEFAULT NULL,
  `blood_group` varchar(191) COLLATE utf8mb4_unicode_ci DEFAULT NULL,
  `image` varchar(191) COLLATE utf8mb4_unicode_ci DEFAULT NULL,
  `joining_date` date DEFAULT NULL,
  `about` text COLLATE utf8mb4_unicode_ci,
  `created_at` timestamp NULL DEFAULT NULL,
  `updated_at` timestamp NULL DEFAULT NULL
) ENGINE=InnoDB DEFAULT CHARSET=utf8mb4 COLLATE=utf8mb4_unicode_ci;

-- --------------------------------------------------------

--
-- Table structure for table `user_roles`
--

CREATE TABLE `user_roles` (
  `id` int(10) UNSIGNED NOT NULL,
  `name` varchar(191) COLLATE utf8mb4_unicode_ci NOT NULL,
  `created_at` timestamp NULL DEFAULT NULL,
  `updated_at` timestamp NULL DEFAULT NULL
) ENGINE=InnoDB DEFAULT CHARSET=utf8mb4 COLLATE=utf8mb4_unicode_ci;

--
-- Dumping data for table `user_roles`
--

INSERT INTO `user_roles` (`id`, `name`, `created_at`, `updated_at`) VALUES
(1, 'teacher', '2018-04-08 09:52:32', '2018-04-08 09:52:32'),
(2, 'external', '2018-04-08 10:56:18', '2018-05-30 02:52:59');

-- --------------------------------------------------------

--
-- Table structure for table `viva_voces`
--

CREATE TABLE `viva_voces` (
  `id` int(10) UNSIGNED NOT NULL,
  `teacher_id` varchar(15) COLLATE utf8mb4_unicode_ci NOT NULL,
  `student_id` int(10) UNSIGNED NOT NULL,
  `course_id` int(10) UNSIGNED NOT NULL,
  `exam_time_id` int(10) UNSIGNED NOT NULL,
  `semester_id` int(10) UNSIGNED NOT NULL,
  `viva_voce` decimal(4,2) NOT NULL,
  `total` decimal(4,2) NOT NULL,
  `created_at` timestamp NULL DEFAULT NULL,
  `updated_at` timestamp NULL DEFAULT NULL
) ENGINE=InnoDB DEFAULT CHARSET=utf8mb4 COLLATE=utf8mb4_unicode_ci;

--
-- Dumping data for table `viva_voces`
--

INSERT INTO `viva_voces` (`id`, `teacher_id`, `student_id`, `course_id`, `exam_time_id`, `semester_id`, `viva_voce`, `total`, `created_at`, `updated_at`) VALUES
(1, '97411525013394', 251, 70, 1, 1, '25.00', '25.00', '2018-05-16 12:31:11', '2018-05-16 12:37:05'),
(2, '97411525013394', 252, 70, 1, 1, '25.00', '25.00', '2018-05-16 12:43:38', '2018-05-16 12:43:38');

--
-- Indexes for dumped tables
--

--
-- Indexes for table `batches`
--
ALTER TABLE `batches`
  ADD PRIMARY KEY (`id`);

--
-- Indexes for table `batch_enrolls`
--
ALTER TABLE `batch_enrolls`
  ADD PRIMARY KEY (`id`),
  ADD KEY `batch_enrolls_supervisor_id_index` (`supervisor_id`),
  ADD KEY `batch_enrolls_semester_id_index` (`semester_id`),
  ADD KEY `batch_enrolls_exam_time_id_index` (`exam_time_id`),
  ADD KEY `batch_enrolls_batch_id_index` (`batch_id`);

--
-- Indexes for table `charman_enrolls`
--
ALTER TABLE `charman_enrolls`
  ADD PRIMARY KEY (`id`),
  ADD KEY `charman_enrolls_exam_time_id_foreign` (`exam_time_id`),
  ADD KEY `charman_enrolls_semester_id_foreign` (`semester_id`),
  ADD KEY `charman_enrolls_supervisor_id_index` (`supervisor_id`),
  ADD KEY `charman_enrolls_charman_id_index` (`charman_id`);

--
-- Indexes for table `courses`
--
ALTER TABLE `courses`
  ADD PRIMARY KEY (`id`),
  ADD KEY `courses_user_id_index` (`user_id`);

--
-- Indexes for table `course_enrolls`
--
ALTER TABLE `course_enrolls`
  ADD PRIMARY KEY (`id`),
  ADD KEY `course_enrolls_supervisor_id_index` (`supervisor_id`),
  ADD KEY `course_enrolls_semester_id_index` (`semester_id`),
  ADD KEY `course_enrolls_course_id_index` (`course_id`),
  ADD KEY `course_enrolls_exam_time_id_index` (`exam_time_id`),
  ADD KEY `course_enrolls_teacher_id_index` (`teacher_id`);

--
-- Indexes for table `due_student_enrolls`
--
ALTER TABLE `due_student_enrolls`
  ADD PRIMARY KEY (`id`),
  ADD KEY `due_student_enrolls_exam_time_id_foreign` (`exam_time_id`),
  ADD KEY `due_student_enrolls_semester_id_foreign` (`semester_id`),
  ADD KEY `due_student_enrolls_supervisor_id_foreign` (`supervisor_id`),
  ADD KEY `due_student_enrolls_student_id_foreign` (`student_id`);

--
-- Indexes for table `exam_times`
--
ALTER TABLE `exam_times`
  ADD PRIMARY KEY (`id`),
  ADD KEY `exam_times_supervisor_id_index` (`supervisor_id`);

--
-- Indexes for table `external_enrolls`
--
ALTER TABLE `external_enrolls`
  ADD PRIMARY KEY (`id`),
  ADD KEY `external_enrolls_supervisor_id_index` (`supervisor_id`),
  ADD KEY `external_enrolls_semester_id_index` (`semester_id`),
  ADD KEY `external_enrolls_course_id_index` (`course_id`),
  ADD KEY `external_enrolls_exam_time_id_index` (`exam_time_id`),
  ADD KEY `external_enrolls_teacher_id_index` (`teacher_id`);

--
-- Indexes for table `external_seventy_percent_marks`
--
ALTER TABLE `external_seventy_percent_marks`
  ADD PRIMARY KEY (`id`),
  ADD KEY `external_seventy_percent_marks_student_id_foreign` (`student_id`),
  ADD KEY `external_seventy_percent_marks_teacher_id_index` (`teacher_id`),
  ADD KEY `external_seventy_percent_marks_course_id_index` (`course_id`),
  ADD KEY `external_seventy_percent_marks_exam_time_id_index` (`exam_time_id`),
  ADD KEY `external_seventy_percent_marks_semester_id_index` (`semester_id`);

--
-- Indexes for table `internal_seventy_percent_marks`
--
ALTER TABLE `internal_seventy_percent_marks`
  ADD PRIMARY KEY (`id`),
  ADD KEY `internal_seventy_percent_marks_student_id_foreign` (`student_id`),
  ADD KEY `internal_seventy_percent_marks_teacher_id_index` (`teacher_id`),
  ADD KEY `internal_seventy_percent_marks_course_id_index` (`course_id`),
  ADD KEY `internal_seventy_percent_marks_exam_time_id_index` (`exam_time_id`),
  ADD KEY `internal_seventy_percent_marks_semester_id_index` (`semester_id`);

--
-- Indexes for table `internal_thirty_percent_marks`
--
ALTER TABLE `internal_thirty_percent_marks`
  ADD PRIMARY KEY (`id`),
  ADD KEY `internal_thirty_percent_marks_student_id_foreign` (`student_id`),
  ADD KEY `internal_thirty_percent_marks_teacher_id_index` (`teacher_id`),
  ADD KEY `internal_thirty_percent_marks_course_id_index` (`course_id`),
  ADD KEY `internal_thirty_percent_marks_semester_id_index` (`semester_id`);

--
-- Indexes for table `lab_marks`
--
ALTER TABLE `lab_marks`
  ADD PRIMARY KEY (`id`),
  ADD KEY `lab_marks_student_id_foreign` (`student_id`),
  ADD KEY `lab_marks_teacher_id_index` (`teacher_id`),
  ADD KEY `lab_marks_course_id_index` (`course_id`),
  ADD KEY `lab_marks_exam_time_id_index` (`exam_time_id`),
  ADD KEY `lab_marks_semester_id_index` (`semester_id`);

--
-- Indexes for table `migrations`
--
ALTER TABLE `migrations`
  ADD PRIMARY KEY (`id`);

--
-- Indexes for table `password_resets`
--
ALTER TABLE `password_resets`
  ADD KEY `password_resets_email_index` (`email`),
  ADD KEY `password_resets_token_index` (`token`);

--
-- Indexes for table `semesters`
--
ALTER TABLE `semesters`
  ADD PRIMARY KEY (`id`);

--
-- Indexes for table `students`
--
ALTER TABLE `students`
  ADD PRIMARY KEY (`id`),
  ADD UNIQUE KEY `students_email_unique` (`email`),
  ADD KEY `students_supervisor_id_index` (`supervisor_id`),
  ADD KEY `students_class_roll_index` (`class_roll`),
  ADD KEY `students_exam_roll_index` (`exam_roll`),
  ADD KEY `students_reg_no_index` (`reg_no`);

--
-- Indexes for table `student_enrolls`
--
ALTER TABLE `student_enrolls`
  ADD PRIMARY KEY (`id`),
  ADD KEY `student_enrolls_batch_id_foreign` (`batch_id`),
  ADD KEY `student_enrolls_semester_id_foreign` (`semester_id`),
  ADD KEY `student_enrolls_supervisor_id_foreign` (`supervisor_id`),
  ADD KEY `student_enrolls_student_id_foreign` (`student_id`);

--
-- Indexes for table `submitted_results`
--
ALTER TABLE `submitted_results`
  ADD PRIMARY KEY (`id`),
  ADD KEY `submitted_results_exam_time_id_foreign` (`exam_time_id`),
  ADD KEY `submitted_results_teacher_id_index` (`teacher_id`),
  ADD KEY `submitted_results_course_id_index` (`course_id`),
  ADD KEY `submitted_results_semester_id_index` (`semester_id`);

--
-- Indexes for table `supp_enrolls`
--
ALTER TABLE `supp_enrolls`
  ADD PRIMARY KEY (`id`),
  ADD KEY `supp_enrolls_batch_id_foreign` (`batch_id`),
  ADD KEY `supp_enrolls_course_e_id_foreign` (`course_e_id`),
  ADD KEY `supp_enrolls_supervisor_id_foreign` (`supervisor_id`),
  ADD KEY `supp_enrolls_student_id_foreign` (`student_id`),
  ADD KEY `supp_enrolls_exam_time_id_index` (`exam_time_id`),
  ADD KEY `course_id` (`course_id`),
  ADD KEY `semester_id` (`semester_id`),
  ADD KEY `teacher_id` (`teacher_id`);

--
-- Indexes for table `supp_lab_marks`
--
ALTER TABLE `supp_lab_marks`
  ADD PRIMARY KEY (`id`),
  ADD KEY `supp_lab_marks_student_id_foreign` (`student_id`),
  ADD KEY `supp_lab_marks_teacher_id_index` (`teacher_id`),
  ADD KEY `supp_lab_marks_course_id_index` (`course_id`),
  ADD KEY `supp_lab_marks_exam_time_id_index` (`exam_time_id`),
  ADD KEY `supp_lab_marks_semester_id_index` (`semester_id`);

--
-- Indexes for table `supp_marks`
--
ALTER TABLE `supp_marks`
  ADD PRIMARY KEY (`id`),
  ADD KEY `supp_marks_student_id_foreign` (`student_id`),
  ADD KEY `supp_marks_teacher_id_index` (`teacher_id`),
  ADD KEY `supp_marks_course_id_index` (`course_id`),
  ADD KEY `supp_marks_exam_time_id_index` (`exam_time_id`),
  ADD KEY `supp_marks_semester_id_index` (`semester_id`);

--
-- Indexes for table `supp_viva_voces`
--
ALTER TABLE `supp_viva_voces`
  ADD PRIMARY KEY (`id`),
  ADD KEY `supp_viva_voces_student_id_foreign` (`student_id`),
  ADD KEY `supp_viva_voces_teacher_id_index` (`teacher_id`),
  ADD KEY `supp_viva_voces_course_id_index` (`course_id`),
  ADD KEY `supp_viva_voces_exam_time_id_index` (`exam_time_id`),
  ADD KEY `supp_viva_voces_semester_id_index` (`semester_id`);

--
-- Indexes for table `third_examiner_seventy_marks`
--
ALTER TABLE `third_examiner_seventy_marks`
  ADD PRIMARY KEY (`id`),
  ADD KEY `third_examiner_seventy_marks_student_id_foreign` (`student_id`),
  ADD KEY `third_examiner_seventy_marks_teacher_id_index` (`teacher_id`),
  ADD KEY `third_examiner_seventy_marks_course_id_index` (`course_id`),
  ADD KEY `third_examiner_seventy_marks_exam_time_id_index` (`exam_time_id`),
  ADD KEY `third_examiner_seventy_marks_semester_id_index` (`semester_id`);

--
-- Indexes for table `users`
--
ALTER TABLE `users`
  ADD PRIMARY KEY (`user_id`),
  ADD UNIQUE KEY `users_email_unique` (`email`),
  ADD KEY `users_role_id_index` (`role_id`);

--
-- Indexes for table `user_personal_infos`
--
ALTER TABLE `user_personal_infos`
  ADD PRIMARY KEY (`id`),
  ADD KEY `user_personal_infos_user_id_index` (`user_id`),
  ADD KEY `user_personal_infos_supervisor_id_index` (`supervisor_id`);

--
-- Indexes for table `user_roles`
--
ALTER TABLE `user_roles`
  ADD PRIMARY KEY (`id`);

--
-- Indexes for table `viva_voces`
--
ALTER TABLE `viva_voces`
  ADD PRIMARY KEY (`id`),
  ADD KEY `viva_voces_student_id_foreign` (`student_id`),
  ADD KEY `viva_voces_teacher_id_index` (`teacher_id`),
  ADD KEY `viva_voces_course_id_index` (`course_id`),
  ADD KEY `viva_voces_exam_time_id_index` (`exam_time_id`),
  ADD KEY `viva_voces_semester_id_index` (`semester_id`);

--
-- AUTO_INCREMENT for dumped tables
--

--
-- AUTO_INCREMENT for table `batches`
--
ALTER TABLE `batches`
  MODIFY `id` int(10) UNSIGNED NOT NULL AUTO_INCREMENT, AUTO_INCREMENT=10;

--
-- AUTO_INCREMENT for table `batch_enrolls`
--
ALTER TABLE `batch_enrolls`
  MODIFY `id` int(10) UNSIGNED NOT NULL AUTO_INCREMENT, AUTO_INCREMENT=2;

--
-- AUTO_INCREMENT for table `charman_enrolls`
--
ALTER TABLE `charman_enrolls`
  MODIFY `id` int(10) UNSIGNED NOT NULL AUTO_INCREMENT, AUTO_INCREMENT=5;

--
-- AUTO_INCREMENT for table `courses`
--
ALTER TABLE `courses`
  MODIFY `id` int(10) UNSIGNED NOT NULL AUTO_INCREMENT, AUTO_INCREMENT=71;

--
-- AUTO_INCREMENT for table `course_enrolls`
--
ALTER TABLE `course_enrolls`
  MODIFY `id` int(10) UNSIGNED NOT NULL AUTO_INCREMENT, AUTO_INCREMENT=13;

--
-- AUTO_INCREMENT for table `due_student_enrolls`
--
ALTER TABLE `due_student_enrolls`
  MODIFY `id` int(10) UNSIGNED NOT NULL AUTO_INCREMENT, AUTO_INCREMENT=36;

--
-- AUTO_INCREMENT for table `exam_times`
--
ALTER TABLE `exam_times`
  MODIFY `id` int(10) UNSIGNED NOT NULL AUTO_INCREMENT, AUTO_INCREMENT=4;

--
-- AUTO_INCREMENT for table `external_enrolls`
--
ALTER TABLE `external_enrolls`
  MODIFY `id` int(10) UNSIGNED NOT NULL AUTO_INCREMENT, AUTO_INCREMENT=3;

--
-- AUTO_INCREMENT for table `external_seventy_percent_marks`
--
ALTER TABLE `external_seventy_percent_marks`
  MODIFY `id` int(10) UNSIGNED NOT NULL AUTO_INCREMENT, AUTO_INCREMENT=52;

--
-- AUTO_INCREMENT for table `internal_seventy_percent_marks`
--
ALTER TABLE `internal_seventy_percent_marks`
  MODIFY `id` int(10) UNSIGNED NOT NULL AUTO_INCREMENT, AUTO_INCREMENT=199;

--
-- AUTO_INCREMENT for table `internal_thirty_percent_marks`
--
ALTER TABLE `internal_thirty_percent_marks`
  MODIFY `id` int(10) UNSIGNED NOT NULL AUTO_INCREMENT, AUTO_INCREMENT=198;

--
-- AUTO_INCREMENT for table `lab_marks`
--
ALTER TABLE `lab_marks`
  MODIFY `id` int(10) UNSIGNED NOT NULL AUTO_INCREMENT, AUTO_INCREMENT=4;

--
-- AUTO_INCREMENT for table `migrations`
--
ALTER TABLE `migrations`
  MODIFY `id` int(10) UNSIGNED NOT NULL AUTO_INCREMENT, AUTO_INCREMENT=31;

--
-- AUTO_INCREMENT for table `submitted_results`
--
ALTER TABLE `submitted_results`
  MODIFY `id` int(10) UNSIGNED NOT NULL AUTO_INCREMENT, AUTO_INCREMENT=9;

--
-- AUTO_INCREMENT for table `third_examiner_seventy_marks`
--
ALTER TABLE `third_examiner_seventy_marks`
  MODIFY `id` int(10) UNSIGNED NOT NULL AUTO_INCREMENT, AUTO_INCREMENT=3;

--
-- Constraints for dumped tables
--

--
-- Constraints for table `batch_enrolls`
--
ALTER TABLE `batch_enrolls`
  ADD CONSTRAINT `batch_enrolls_batch_id_foreign` FOREIGN KEY (`batch_id`) REFERENCES `batches` (`id`),
  ADD CONSTRAINT `batch_enrolls_exam_time_id_foreign` FOREIGN KEY (`exam_time_id`) REFERENCES `exam_times` (`id`),
  ADD CONSTRAINT `batch_enrolls_semester_id_foreign` FOREIGN KEY (`semester_id`) REFERENCES `semesters` (`id`),
  ADD CONSTRAINT `batch_enrolls_supervisor_id_foreign` FOREIGN KEY (`supervisor_id`) REFERENCES `users` (`user_id`);

--
-- Constraints for table `course_enrolls`
--
ALTER TABLE `course_enrolls`
  ADD CONSTRAINT `course_enrolls_course_id_foreign` FOREIGN KEY (`course_id`) REFERENCES `courses` (`id`),
  ADD CONSTRAINT `course_enrolls_semester_id_foreign` FOREIGN KEY (`semester_id`) REFERENCES `semesters` (`id`),
  ADD CONSTRAINT `course_enrolls_supervisor_id_foreign` FOREIGN KEY (`supervisor_id`) REFERENCES `users` (`user_id`),
  ADD CONSTRAINT `course_enrolls_teacher_id_foreign` FOREIGN KEY (`teacher_id`) REFERENCES `users` (`user_id`);

--
-- Constraints for table `external_seventy_percent_marks`
--
ALTER TABLE `external_seventy_percent_marks`
  ADD CONSTRAINT `external_seventy_percent_marks_course_id_foreign` FOREIGN KEY (`course_id`) REFERENCES `courses` (`id`),
  ADD CONSTRAINT `external_seventy_percent_marks_exam_time_id_foreign` FOREIGN KEY (`exam_time_id`) REFERENCES `exam_times` (`id`),
  ADD CONSTRAINT `external_seventy_percent_marks_semester_id_foreign` FOREIGN KEY (`semester_id`) REFERENCES `semesters` (`id`),
  ADD CONSTRAINT `external_seventy_percent_marks_student_id_foreign` FOREIGN KEY (`student_id`) REFERENCES `students` (`id`),
  ADD CONSTRAINT `external_seventy_percent_marks_teacher_id_foreign` FOREIGN KEY (`teacher_id`) REFERENCES `users` (`user_id`);

--
-- Constraints for table `internal_seventy_percent_marks`
--
ALTER TABLE `internal_seventy_percent_marks`
  ADD CONSTRAINT `internal_seventy_percent_marks_course_id_foreign` FOREIGN KEY (`course_id`) REFERENCES `courses` (`id`),
  ADD CONSTRAINT `internal_seventy_percent_marks_semester_id_foreign` FOREIGN KEY (`semester_id`) REFERENCES `semesters` (`id`),
  ADD CONSTRAINT `internal_seventy_percent_marks_student_id_foreign` FOREIGN KEY (`student_id`) REFERENCES `students` (`id`),
  ADD CONSTRAINT `internal_seventy_percent_marks_teacher_id_foreign` FOREIGN KEY (`teacher_id`) REFERENCES `users` (`user_id`);

--
-- Constraints for table `internal_thirty_percent_marks`
--
ALTER TABLE `internal_thirty_percent_marks`
  ADD CONSTRAINT `internal_thirty_percent_marks_course_id_foreign` FOREIGN KEY (`course_id`) REFERENCES `courses` (`id`),
  ADD CONSTRAINT `internal_thirty_percent_marks_semester_id_foreign` FOREIGN KEY (`semester_id`) REFERENCES `semesters` (`id`),
  ADD CONSTRAINT `internal_thirty_percent_marks_student_id_foreign` FOREIGN KEY (`student_id`) REFERENCES `students` (`id`),
  ADD CONSTRAINT `internal_thirty_percent_marks_teacher_id_foreign` FOREIGN KEY (`teacher_id`) REFERENCES `users` (`user_id`);
COMMIT;

/*!40101 SET CHARACTER_SET_CLIENT=@OLD_CHARACTER_SET_CLIENT */;
/*!40101 SET CHARACTER_SET_RESULTS=@OLD_CHARACTER_SET_RESULTS */;
/*!40101 SET COLLATION_CONNECTION=@OLD_COLLATION_CONNECTION */;
